timestamp,open,high,low,close,volume
2023-10-19 18:00:00,2.761,2.77,2.758,2.76,11476.726
2023-10-19 19:00:00,2.759,2.818,2.759,2.786,19318.566
2023-10-19 20:00:00,2.784,2.794,2.774,2.786,11296.544
2023-10-19 21:00:00,2.786,2.792,2.771,2.778,7372.074
2023-10-19 22:00:00,2.778,2.786,2.775,2.78,3355.033
2023-10-19 23:00:00,2.782,2.785,2.762,2.767,8464.291
2023-10-20 00:00:00,2.767,2.775,2.75,2.751,12365.511
2023-10-20 01:00:00,2.754,2.761,2.746,2.758,7276.938
2023-10-20 02:00:00,2.759,2.786,2.758,2.784,12741.959
2023-10-20 03:00:00,2.785,2.814,2.78,2.782,23708.694
2023-10-20 04:00:00,2.785,2.8,2.781,2.796,6088.043
2023-10-20 05:00:00,2.799,2.807,2.791,2.804,13775.328
2023-10-20 06:00:00,2.807,2.81,2.796,2.807,14481.041
2023-10-20 07:00:00,2.807,2.81,2.795,2.795,3481.843
2023-10-20 08:00:00,2.796,2.831,2.796,2.816,37390.473
2023-10-20 09:00:00,2.816,2.83,2.804,2.825,12270.089
2023-10-20 10:00:00,2.825,2.844,2.782,2.823,100989.08
2023-10-20 11:00:00,2.824,2.832,2.82,2.823,11320.041
2023-10-20 12:00:00,2.823,2.836,2.798,2.807,14370.082
2023-10-20 13:00:00,2.806,2.823,2.803,2.816,7601.671
2023-10-20 14:00:00,2.815,2.82,2.798,2.807,8168.873
2023-10-20 15:00:00,2.81,2.833,2.809,2.824,17599.448
2023-10-20 16:00:00,2.825,2.848,2.82,2.832,19183.319
2023-10-20 17:00:00,2.829,2.844,2.824,2.842,5486.095
2023-10-20 18:00:00,2.843,2.852,2.838,2.843,8457.708
2023-10-20 19:00:00,2.839,2.848,2.825,2.833,5040.371
2023-10-20 20:00:00,2.836,2.841,2.828,2.832,14359.928
2023-10-20 21:00:00,2.834,2.847,2.832,2.844,7330.041
2023-10-20 22:00:00,2.845,2.854,2.843,2.848,3319.495
2023-10-20 23:00:00,2.848,2.859,2.847,2.859,4831.873
2023-10-21 00:00:00,2.857,2.859,2.841,2.854,9380.361
2023-10-21 01:00:00,2.853,2.857,2.84,2.845,1350.76
2023-10-21 02:00:00,2.844,2.852,2.839,2.843,3640.319
2023-10-21 03:00:00,2.843,2.857,2.836,2.856,2053.335
2023-10-21 04:00:00,2.856,2.856,2.842,2.842,3050.841
2023-10-21 05:00:00,2.846,2.865,2.846,2.864,5891.627
2023-10-21 06:00:00,2.864,2.872,2.858,2.865,9861.869
2023-10-21 07:00:00,2.867,2.882,2.865,2.879,6236.77
2023-10-21 08:00:00,2.881,2.884,2.864,2.873,12696.142
2023-10-21 09:00:00,2.872,2.908,2.863,2.878,27101.325
2023-10-21 10:00:00,2.883,2.895,2.874,2.888,8017.998
2023-10-21 11:00:00,2.889,2.906,2.882,2.905,13530.655
2023-10-21 12:00:00,2.905,2.91,2.89,2.893,16467.707
2023-10-21 13:00:00,2.889,2.922,2.886,2.917,31149.323
2023-10-21 14:00:00,2.917,2.95,2.917,2.943,36646.782
2023-10-21 15:00:00,2.943,2.945,2.91,2.92,16810.894
2023-10-21 16:00:00,2.92,2.934,2.92,2.923,9024.529
2023-10-21 17:00:00,2.921,2.954,2.913,2.95,15281.426
2023-10-21 18:00:00,2.95,3.0,2.927,2.957,48421.212
2023-10-21 19:00:00,2.957,2.961,2.919,2.926,19637.806
2023-10-21 20:00:00,2.926,2.936,2.905,2.923,16591.835
2023-10-21 21:00:00,2.919,3.028,2.917,3.028,88659.008
2023-10-21 22:00:00,3.027,3.079,2.942,2.97,116394.162
2023-10-21 23:00:00,2.97,2.974,2.928,2.947,37705.769
2023-10-22 00:00:00,2.947,2.967,2.944,2.96,8752.419
2023-10-22 01:00:00,2.956,2.993,2.955,2.97,14296.22
2023-10-22 02:00:00,2.971,2.981,2.969,2.975,4585.825
2023-10-22 03:00:00,2.975,2.989,2.973,2.977,4662.768
2023-10-22 04:00:00,2.977,3.004,2.955,2.955,27820.088
2023-10-22 05:00:00,2.96,2.968,2.948,2.966,18935.392
2023-10-22 06:00:00,2.963,2.978,2.953,2.961,20017.857
2023-10-22 07:00:00,2.961,2.968,2.906,2.91,25912.789
2023-10-22 08:00:00,2.912,2.928,2.895,2.919,23299.736
2023-10-22 09:00:00,2.92,2.929,2.912,2.921,2420.149
2023-10-22 10:00:00,2.922,2.937,2.919,2.922,8449.195
2023-10-22 11:00:00,2.923,2.923,2.894,2.905,18241.158
2023-10-22 12:00:00,2.905,2.941,2.905,2.923,14265.145
2023-10-22 13:00:00,2.921,2.985,2.921,2.97,41673.275
2023-10-22 14:00:00,2.971,2.989,2.959,2.98,23998.086
2023-10-22 15:00:00,2.98,2.99,2.954,2.977,28495.4
2023-10-22 16:00:00,2.977,2.994,2.974,2.977,8664.866
2023-10-22 17:00:00,2.975,3.149,2.964,3.09,176018.576
2023-10-22 18:00:00,3.089,3.228,3.089,3.163,312770.948
2023-10-22 19:00:00,3.163,3.228,3.12,3.187,168531.4
2023-10-22 20:00:00,3.186,3.195,3.11,3.122,95975.33
2023-10-22 21:00:00,3.123,3.232,3.123,3.148,108604.357
2023-10-22 22:00:00,3.144,3.3,3.139,3.189,152393.615
2023-10-22 23:00:00,3.184,3.22,3.173,3.208,35892.083
2023-10-23 00:00:00,3.208,3.232,3.161,3.221,36149.604
2023-10-23 01:00:00,3.223,3.299,3.203,3.276,51028.121
2023-10-23 02:00:00,3.274,3.274,3.22,3.257,38369.006
2023-10-23 03:00:00,3.251,3.251,3.139,3.186,64871.377
2023-10-23 04:00:00,3.186,3.236,3.173,3.2,40582.019
2023-10-23 05:00:00,3.2,3.203,3.15,3.179,35540.606
2023-10-23 06:00:00,3.179,3.185,3.143,3.143,28780.854
2023-10-23 07:00:00,3.147,3.189,3.106,3.126,59600.918
2023-10-23 08:00:00,3.132,3.179,3.128,3.137,35163.262
2023-10-23 09:00:00,3.139,3.16,3.089,3.094,48197.864
2023-10-23 10:00:00,3.094,3.12,3.094,3.111,15222.014
2023-10-23 11:00:00,3.113,3.15,3.113,3.138,24784.344
2023-10-23 12:00:00,3.137,3.146,3.111,3.123,14936.647
2023-10-23 13:00:00,3.124,3.125,3.053,3.095,62923.844
2023-10-23 14:00:00,3.095,3.132,3.052,3.128,57447.46
2023-10-23 15:00:00,3.128,3.134,3.099,3.128,26594.155
2023-10-23 16:00:00,3.128,3.399,3.128,3.311,372592.652
2023-10-23 17:00:00,3.317,3.319,3.171,3.2,140952.343
2023-10-23 18:00:00,3.203,3.31,3.2,3.305,108364.938
2023-10-23 19:00:00,3.301,3.406,3.273,3.347,116534.364
2023-10-23 20:00:00,3.35,3.411,3.333,3.338,84580.932
2023-10-23 21:00:00,3.333,3.38,3.297,3.364,40339.241
2023-10-23 22:00:00,3.362,3.47,3.351,3.408,110636.262
2023-10-23 23:00:00,3.41,3.425,3.32,3.372,65069.281
2023-10-24 00:00:00,3.373,3.434,3.363,3.418,29579.754
2023-10-24 01:00:00,3.418,3.445,3.374,3.427,41496.024
2023-10-24 02:00:00,3.424,3.481,3.392,3.45,35943.793
2023-10-24 03:00:00,3.449,3.451,3.377,3.38,56317.897
2023-10-24 04:00:00,3.381,3.46,3.381,3.46,30127.417
2023-10-24 05:00:00,3.46,3.582,3.454,3.506,106458.722
2023-10-24 06:00:00,3.51,3.523,3.397,3.405,78976.643
2023-10-24 07:00:00,3.407,3.43,3.367,3.429,37445.489
2023-10-24 08:00:00,3.428,3.472,3.42,3.454,21996.053
2023-10-24 09:00:00,3.454,3.541,3.45,3.512,47811.698
2023-10-24 10:00:00,3.512,3.562,3.493,3.556,45214.496
2023-10-24 11:00:00,3.551,3.64,3.536,3.606,90578.087
2023-10-24 12:00:00,3.613,3.72,3.586,3.69,86006.599
2023-10-24 13:00:00,3.688,3.697,3.531,3.564,88239.809
2023-10-24 14:00:00,3.568,3.615,3.504,3.549,49002.755
2023-10-24 15:00:00,3.544,3.61,3.321,3.399,181850.394
2023-10-24 16:00:00,3.4,3.5,3.342,3.438,122265.202
2023-10-24 17:00:00,3.429,3.45,3.4,3.419,40734.812
2023-10-24 18:00:00,3.419,3.437,3.35,3.43,39684.288
2023-10-24 19:00:00,3.437,3.45,3.412,3.441,15315.326
2023-10-24 20:00:00,3.44,3.471,3.416,3.432,26653.193
2023-10-24 21:00:00,3.424,3.48,3.384,3.477,21293.919
2023-10-24 22:00:00,3.477,3.508,3.447,3.498,20089.847
2023-10-24 23:00:00,3.498,3.508,3.467,3.483,11615.569
2023-10-25 00:00:00,3.483,3.487,3.441,3.465,16180.225
2023-10-25 01:00:00,3.465,3.536,3.465,3.517,27040.51
2023-10-25 02:00:00,3.518,3.529,3.462,3.489,24336.753
2023-10-25 03:00:00,3.485,3.485,3.45,3.462,5999.41
2023-10-25 04:00:00,3.462,3.491,3.441,3.464,28329.326
2023-10-25 05:00:00,3.464,3.496,3.425,3.425,26227.337
2023-10-25 06:00:00,3.425,3.5,3.421,3.473,28642.297
2023-10-25 07:00:00,3.473,3.711,3.435,3.535,190960.046
2023-10-25 08:00:00,3.528,3.536,3.47,3.489,50963.862
2023-10-25 09:00:00,3.49,3.537,3.465,3.532,17027.422
2023-10-25 10:00:00,3.528,3.615,3.49,3.592,36015.805
2023-10-25 11:00:00,3.592,3.65,3.576,3.639,65157.857
2023-10-25 12:00:00,3.631,4.2,3.618,3.889,1026117.356
2023-10-25 13:00:00,3.883,4.18,3.85,3.985,460354.604
2023-10-25 14:00:00,3.984,4.15,3.926,4.081,329325.31
2023-10-25 15:00:00,4.08,4.15,4.018,4.028,186257.005
2023-10-25 16:00:00,4.028,4.073,3.935,4.028,161842.365
2023-10-25 17:00:00,4.029,4.174,4.029,4.098,235235.092
2023-10-25 18:00:00,4.099,4.25,4.078,4.147,191003.874
2023-10-25 19:00:00,4.156,4.443,4.135,4.185,493055.548
2023-10-25 20:00:00,4.173,4.23,4.101,4.102,136491.872
2023-10-25 21:00:00,4.11,4.188,4.016,4.016,86196.357
2023-10-25 22:00:00,4.02,4.075,4.0,4.031,66805.271
2023-10-25 23:00:00,4.032,4.176,4.013,4.1,98841.01
2023-10-26 00:00:00,4.096,4.9,4.069,4.446,1270007.443
2023-10-26 01:00:00,4.446,4.8,4.406,4.628,716167.417
2023-10-26 02:00:00,4.628,4.666,4.353,4.387,474146.624
2023-10-26 03:00:00,4.385,4.498,3.85,3.974,940407.639
2023-10-26 04:00:00,3.974,4.095,3.907,4.03,243509.839
2023-10-26 05:00:00,4.029,4.242,3.985,4.122,304718.231
2023-10-26 06:00:00,4.12,4.3,4.051,4.17,213968.887
2023-10-26 07:00:00,4.166,4.245,4.038,4.05,153175.208
2023-10-26 08:00:00,4.05,4.136,3.993,4.063,125842.44
2023-10-26 09:00:00,4.062,4.096,3.923,3.962,154629.418
2023-10-26 10:00:00,3.962,3.992,3.85,3.881,143290.609
2023-10-26 11:00:00,3.879,3.928,3.823,3.895,150181.83
2023-10-26 12:00:00,3.895,4.054,3.878,4.021,150734.707
2023-10-26 13:00:00,4.026,4.026,3.888,3.894,74328.814
2023-10-26 14:00:00,3.896,3.916,3.743,3.847,234629.123
2023-10-26 15:00:00,3.847,3.856,3.713,3.826,114290.292
2023-10-26 16:00:00,3.82,3.82,3.713,3.715,63234.91
2023-10-26 17:00:00,3.715,3.814,3.711,3.807,57331.815
2023-10-26 18:00:00,3.807,3.836,3.779,3.802,51645.004
2023-10-26 19:00:00,3.798,3.88,3.783,3.865,36788.178
2023-10-26 20:00:00,3.874,3.9,3.85,3.855,44121.948
2023-10-26 21:00:00,3.855,3.908,3.849,3.86,34473.612
2023-10-26 22:00:00,3.857,3.931,3.84,3.931,40950.022
2023-10-26 23:00:00,3.929,3.987,3.905,3.941,51829.27
2023-10-27 00:00:00,3.941,3.941,3.77,3.778,70046.305
2023-10-27 01:00:00,3.778,3.802,3.714,3.725,67554.825
2023-10-27 02:00:00,3.726,3.821,3.72,3.749,65779.493
2023-10-27 03:00:00,3.744,3.762,3.706,3.715,56405.321
2023-10-27 04:00:00,3.719,3.761,3.665,3.69,64102.111
2023-10-27 05:00:00,3.687,3.698,3.65,3.683,54916.992
2023-10-27 06:00:00,3.69,3.771,3.686,3.771,36099.05
2023-10-27 07:00:00,3.769,3.787,3.665,3.671,33841.695
2023-10-27 08:00:00,3.671,3.769,3.67,3.749,23887.985
2023-10-27 09:00:00,3.748,3.759,3.709,3.72,61825.505
2023-10-27 10:00:00,3.729,3.811,3.729,3.804,44832.547
2023-10-27 11:00:00,3.8,3.89,3.755,3.781,66113.256
2023-10-27 12:00:00,3.781,3.884,3.753,3.856,57337.654
2023-10-27 13:00:00,3.861,3.921,3.843,3.881,55723.347
2023-10-27 14:00:00,3.881,3.885,3.76,3.768,45853.42
2023-10-27 15:00:00,3.765,3.832,3.756,3.788,31296.994
2023-10-27 16:00:00,3.786,3.794,3.714,3.723,35669.949
2023-10-27 17:00:00,3.719,3.728,3.677,3.721,46585.619
2023-10-27 18:00:00,3.717,3.731,3.666,3.687,39590.783
2023-10-27 19:00:00,3.688,3.79,3.683,3.782,33355.272
2023-10-27 20:00:00,3.787,3.876,3.782,3.834,42366.999
2023-10-27 21:00:00,3.83,3.845,3.796,3.805,14744.903
2023-10-27 22:00:00,3.805,3.81,3.773,3.773,14458.966
2023-10-27 23:00:00,3.774,3.805,3.77,3.779,9092.476
2023-10-28 00:00:00,3.779,3.779,3.737,3.751,16220.894
2023-10-28 01:00:00,3.755,3.763,3.714,3.763,15985.011
2023-10-28 02:00:00,3.764,3.849,3.758,3.822,15311.31
2023-10-28 03:00:00,3.823,3.89,3.823,3.837,47726.493
2023-10-28 04:00:00,3.837,3.849,3.814,3.831,13796.428
2023-10-28 05:00:00,3.833,3.918,3.833,3.896,33496.978
2023-10-28 06:00:00,3.896,3.92,3.891,3.906,18846.447
2023-10-28 07:00:00,3.911,3.973,3.883,3.939,38628.054
2023-10-28 08:00:00,3.94,3.965,3.939,3.945,59922.679
2023-10-28 09:00:00,3.939,3.954,3.86,3.865,65173.806
2023-10-28 10:00:00,3.865,4.08,3.86,4.075,164456.145
2023-10-28 11:00:00,4.08,4.223,4.042,4.117,396291.458
2023-10-28 12:00:00,4.117,4.237,4.06,4.071,165532.601
2023-10-28 13:00:00,4.071,4.254,4.056,4.146,156506.662
2023-10-28 14:00:00,4.137,4.144,4.079,4.119,58912.22
2023-10-28 15:00:00,4.123,4.186,4.116,4.152,41587.14
2023-10-28 16:00:00,4.153,4.226,4.135,4.146,68230.37
2023-10-28 17:00:00,4.146,4.161,3.985,4.05,123904.165
2023-10-28 18:00:00,4.05,4.063,4.002,4.058,32772.629
2023-10-28 19:00:00,4.052,4.094,4.042,4.068,30874.549
2023-10-28 20:00:00,4.068,4.074,4.018,4.029,21238.725
2023-10-28 21:00:00,4.028,4.077,3.994,4.061,37157.09
2023-10-28 22:00:00,4.061,4.07,3.991,4.031,24897.868
2023-10-28 23:00:00,4.022,4.042,4.001,4.025,13593.468
2023-10-29 00:00:00,4.021,4.134,3.999,4.11,43260.879
2023-10-29 01:00:00,4.101,4.111,4.001,4.012,32855.905
2023-10-29 02:00:00,4.012,4.029,4.006,4.011,24310.582
2023-10-29 03:00:00,4.011,4.011,3.939,3.944,32452.141
2023-10-29 04:00:00,3.948,4.028,3.937,4.013,27924.7
2023-10-29 05:00:00,4.009,4.027,4.004,4.022,7795.935
2023-10-29 06:00:00,4.019,4.037,3.993,4.034,15190.26
2023-10-29 07:00:00,4.034,4.291,4.03,4.215,182347.482
2023-10-29 08:00:00,4.215,4.358,4.186,4.191,141307.119
2023-10-29 09:00:00,4.19,4.25,4.14,4.141,47077.963
2023-10-29 10:00:00,4.141,4.213,4.127,4.14,48341.068
2023-10-29 11:00:00,4.146,4.225,4.143,4.163,31868.532
2023-10-29 12:00:00,4.163,4.291,4.126,4.272,71604.936
2023-10-29 13:00:00,4.263,4.301,4.202,4.246,48227.016
2023-10-29 14:00:00,4.249,4.35,4.22,4.318,67458.394
2023-10-29 15:00:00,4.324,4.35,4.23,4.243,76488.587
2023-10-29 16:00:00,4.243,4.272,4.209,4.271,36237.369
2023-10-29 17:00:00,4.271,4.391,4.247,4.312,69370.832
2023-10-29 18:00:00,4.311,4.383,4.3,4.324,50589.103
2023-10-29 19:00:00,4.328,4.329,4.257,4.283,25990.25
2023-10-29 20:00:00,4.284,4.291,4.253,4.263,14364.998
2023-10-29 21:00:00,4.263,4.311,4.241,4.241,24442.815
2023-10-29 22:00:00,4.247,4.311,4.203,4.243,59454.64
2023-10-29 23:00:00,4.247,4.278,4.225,4.237,50520.215
2023-10-30 00:00:00,4.237,4.237,4.126,4.126,37456.115
2023-10-30 01:00:00,4.126,4.166,4.124,4.14,17906.261
2023-10-30 02:00:00,4.14,4.145,4.09,4.107,38654.861
2023-10-30 03:00:00,4.107,4.107,4.07,4.082,18482.17
2023-10-30 04:00:00,4.082,4.126,4.056,4.095,27651.762
2023-10-30 05:00:00,4.1,4.198,4.099,4.166,46043.869
2023-10-30 06:00:00,4.162,4.162,4.058,4.141,28398.36
2023-10-30 07:00:00,4.136,4.144,4.039,4.061,52957.479
2023-10-30 08:00:00,4.061,4.211,4.05,4.189,60936.05
2023-10-30 09:00:00,4.192,4.244,4.166,4.219,52349.607
2023-10-30 10:00:00,4.225,4.24,4.154,4.206,42312.975
2023-10-30 11:00:00,4.206,4.224,4.172,4.193,25258.414
2023-10-30 12:00:00,4.199,4.236,4.136,4.142,42463.446
2023-10-30 13:00:00,4.142,4.175,4.07,4.157,69985.264
2023-10-30 14:00:00,4.159,4.186,4.072,4.09,52651.41
2023-10-30 15:00:00,4.09,4.144,4.09,4.103,40517.481
2023-10-30 16:00:00,4.109,4.151,4.082,4.124,59144.881
2023-10-30 17:00:00,4.135,4.143,3.969,4.071,133753.466
2023-10-30 18:00:00,4.071,4.09,4.023,4.036,32881.041
2023-10-30 19:00:00,4.037,4.093,4.01,4.077,25737.624
2023-10-30 20:00:00,4.082,4.124,4.039,4.087,46616.209
2023-10-30 21:00:00,4.092,4.127,4.074,4.1,35395.992
2023-10-30 22:00:00,4.1,4.128,4.07,4.082,23024.904
2023-10-30 23:00:00,4.082,4.1,4.064,4.069,10073.612
2023-10-31 00:00:00,4.069,4.113,4.06,4.096,23636.922
2023-10-31 01:00:00,4.094,4.099,4.035,4.046,33731.823
2023-10-31 02:00:00,4.048,4.062,4.033,4.046,23159.864
2023-10-31 03:00:00,4.048,4.055,4.027,4.043,21602.357
2023-10-31 04:00:00,4.047,4.064,4.038,4.048,12975.132
2023-10-31 05:00:00,4.044,4.096,4.032,4.087,19068.221
2023-10-31 06:00:00,4.087,4.097,4.037,4.061,28288.136
2023-10-31 07:00:00,4.064,4.085,3.99,3.991,38784.262
2023-10-31 08:00:00,3.996,4.05,3.97,4.043,21642.216
2023-10-31 09:00:00,4.044,4.11,4.037,4.08,36418.423
2023-10-31 10:00:00,4.082,4.096,4.074,4.082,14446.338
2023-10-31 11:00:00,4.08,4.165,4.07,4.123,55945.681
2023-10-31 12:00:00,4.123,4.143,4.023,4.042,37664.27
2023-10-31 13:00:00,4.042,4.051,3.994,4.0,73386.075
2023-10-31 14:00:00,4.003,4.056,3.994,4.004,35750.071
2023-10-31 15:00:00,3.998,4.001,3.847,3.886,88252.165
2023-10-31 16:00:00,3.887,3.968,3.88,3.967,39687.95
2023-10-31 17:00:00,3.967,3.968,3.895,3.912,32696.563
2023-10-31 18:00:00,3.909,3.974,3.886,3.946,25279.049
2023-10-31 19:00:00,3.946,3.994,3.907,3.935,19961.215
2023-10-31 20:00:00,3.94,4.0,3.936,3.992,24757.918
2023-10-31 21:00:00,3.993,4.034,3.98,3.987,26662.247
2023-10-31 22:00:00,3.988,4.01,3.975,3.988,20560.237
2023-10-31 23:00:00,3.989,4.042,3.983,4.038,18506.824
2023-11-01 00:00:00,4.021,4.041,3.965,3.975,29526.173
2023-11-01 01:00:00,3.97,4.027,3.966,3.987,10579.734
2023-11-01 02:00:00,3.985,4.041,3.974,3.988,20457.519
2023-11-01 03:00:00,3.988,4.07,3.988,4.069,27273.443
2023-11-01 04:00:00,4.069,4.199,4.06,4.196,102475.952
2023-11-01 05:00:00,4.192,4.225,4.014,4.023,132294.504
2023-11-01 06:00:00,4.026,4.045,3.953,4.021,69245.725
2023-11-01 07:00:00,4.025,4.097,4.01,4.039,27382.067
2023-11-01 08:00:00,4.04,4.088,4.027,4.048,13809.913
2023-11-01 09:00:00,4.051,4.053,4.001,4.001,24488.653
2023-11-01 10:00:00,4.005,4.009,3.919,3.937,35433.778
2023-11-01 11:00:00,3.937,3.999,3.937,3.983,29201.14
2023-11-01 12:00:00,3.983,3.998,3.914,3.997,35690.043
2023-11-01 13:00:00,3.999,4.076,3.961,3.965,75983.112
2023-11-01 14:00:00,3.966,3.972,3.85,3.878,52908.221
2023-11-01 15:00:00,3.878,3.907,3.842,3.894,53075.651
2023-11-01 16:00:00,3.898,3.917,3.882,3.9,28040.215
2023-11-01 17:00:00,3.895,3.92,3.86,3.903,48445.63
2023-11-01 18:00:00,3.9,3.996,3.886,3.926,116010.642
2023-11-01 19:00:00,3.924,4.095,3.924,4.023,164549.505
2023-11-01 20:00:00,4.023,4.153,4.014,4.151,109316.007
2023-11-01 21:00:00,4.151,4.2,4.074,4.107,106483.077
2023-11-01 22:00:00,4.108,4.139,4.071,4.082,36053.783
2023-11-01 23:00:00,4.081,4.149,4.075,4.117,33501.87
2023-11-02 00:00:00,4.12,4.179,4.113,4.129,37445.634
2023-11-02 01:00:00,4.129,4.147,4.097,4.117,41098.744
2023-11-02 02:00:00,4.119,4.214,4.118,4.206,63291.006
2023-11-02 03:00:00,4.203,4.3,4.2,4.238,67000.828
2023-11-02 04:00:00,4.235,4.24,4.155,4.161,28373.334
2023-11-02 05:00:00,4.161,4.18,4.1,4.101,35913.717
2023-11-02 06:00:00,4.106,4.151,4.101,4.146,20606.359
2023-11-02 07:00:00,4.144,4.175,4.134,4.145,14614.032
2023-11-02 08:00:00,4.139,4.172,4.101,4.172,25346.304
2023-11-02 09:00:00,4.169,4.249,4.15,4.196,59056.083
2023-11-02 10:00:00,4.19,4.2,4.12,4.121,43054.459
2023-11-02 11:00:00,4.121,4.168,4.103,4.165,34812.968
2023-11-02 12:00:00,4.165,4.37,4.134,4.274,214889.223
2023-11-02 13:00:00,4.283,4.35,4.14,4.147,111528.427
2023-11-02 14:00:00,4.143,4.167,4.021,4.141,144056.367
2023-11-02 15:00:00,4.138,4.213,4.01,4.052,131504.967
2023-11-02 16:00:00,4.051,4.081,3.975,4.024,62911.212
2023-11-02 17:00:00,4.024,4.045,3.975,4.044,28697.87
2023-11-02 18:00:00,4.044,4.068,3.975,3.977,46047.067
2023-11-02 19:00:00,3.977,4.033,3.959,4.033,22756.562
2023-11-02 20:00:00,4.033,4.064,3.949,3.979,51261.348
2023-11-02 21:00:00,3.983,4.021,3.983,4.009,15660.252
2023-11-02 22:00:00,4.014,4.028,3.993,3.996,12088.14
2023-11-02 23:00:00,4.001,4.016,3.982,3.999,11755.863
2023-11-03 00:00:00,4.001,4.001,3.919,3.94,37311.676
2023-11-03 01:00:00,3.944,3.944,3.883,3.898,34092.643
2023-11-03 02:00:00,3.898,3.955,3.891,3.953,11346.867
2023-11-03 03:00:00,3.95,3.973,3.936,3.963,12159.764
2023-11-03 04:00:00,3.96,3.971,3.898,3.911,18143.951
2023-11-03 05:00:00,3.91,3.971,3.902,3.97,14808.04
2023-11-03 06:00:00,3.968,3.987,3.959,3.962,14604.473
2023-11-03 07:00:00,3.962,3.989,3.954,3.954,12863.82
2023-11-03 08:00:00,3.953,3.966,3.89,3.908,28134.28
2023-11-03 09:00:00,3.907,3.915,3.854,3.861,41106.246
2023-11-03 10:00:00,3.864,3.869,3.751,3.788,94611.627
2023-11-03 11:00:00,3.791,3.845,3.786,3.83,26853.69
2023-11-03 12:00:00,3.83,3.894,3.79,3.85,55650.612
2023-11-03 13:00:00,3.854,3.877,3.79,3.875,54028.788
2023-11-03 14:00:00,3.876,3.943,3.845,3.927,46653.1
2023-11-03 15:00:00,3.926,3.942,3.877,3.932,36951.239
2023-11-03 16:00:00,3.938,3.962,3.886,3.903,38965.835
2023-11-03 17:00:00,3.898,3.929,3.85,3.863,20422.644
2023-11-03 18:00:00,3.868,3.926,3.857,3.902,23518.663
2023-11-03 19:00:00,3.899,3.912,3.868,3.888,28243.102
2023-11-03 20:00:00,3.882,3.949,3.86,3.924,41878.504
2023-11-03 21:00:00,3.925,4.0,3.925,3.985,37510.326
2023-11-03 22:00:00,3.985,3.998,3.954,3.979,14669.131
2023-11-03 23:00:00,3.982,4.015,3.98,4.004,17926.606
2023-11-04 00:00:00,4.004,4.006,3.956,3.974,12756.639
2023-11-04 01:00:00,3.969,4.019,3.968,4.017,19009.18
2023-11-04 02:00:00,4.019,4.045,3.994,4.0,16246.561
2023-11-04 03:00:00,4.0,4.035,3.988,4.034,5740.286
2023-11-04 04:00:00,4.034,4.053,3.98,3.994,19858.995
2023-11-04 05:00:00,3.998,4.011,3.944,4.008,25543.225
2023-11-04 06:00:00,4.006,4.016,3.94,3.963,42223.378
2023-11-04 07:00:00,3.964,4.038,3.964,4.003,23275.533
2023-11-04 08:00:00,4.008,4.04,4.0,4.037,12960.608
2023-11-04 09:00:00,4.039,4.084,4.009,4.014,32676.223
2023-11-04 10:00:00,4.009,4.061,3.993,4.039,19434.183
2023-11-04 11:00:00,4.036,4.175,4.036,4.124,118033.513
2023-11-04 12:00:00,4.13,4.216,4.087,4.109,125491.737
2023-11-04 13:00:00,4.106,4.175,4.09,4.112,87253.525
2023-11-04 14:00:00,4.117,4.169,4.107,4.129,42387.047
2023-11-04 15:00:00,4.134,4.247,4.111,4.196,106860.197
2023-11-04 16:00:00,4.19,4.229,4.19,4.197,36179.394
2023-11-04 17:00:00,4.19,4.225,4.172,4.205,33009.127
2023-11-04 18:00:00,4.204,4.204,4.148,4.17,19837.949
2023-11-04 19:00:00,4.17,4.322,4.156,4.297,223707.789
2023-11-04 20:00:00,4.297,4.441,4.24,4.33,240010.634
2023-11-04 21:00:00,4.324,4.438,4.288,4.362,129255.404
2023-11-04 22:00:00,4.362,4.414,4.339,4.414,50138.298
2023-11-04 23:00:00,4.411,4.483,4.342,4.369,65366.882
2023-11-05 00:00:00,4.37,4.445,4.322,4.408,96826.833
2023-11-05 01:00:00,4.409,4.437,4.382,4.423,40557.674
2023-11-05 02:00:00,4.427,4.549,4.4,4.485,141403.17
2023-11-05 03:00:00,4.485,4.593,4.483,4.577,102104.888
2023-11-05 04:00:00,4.586,4.644,4.403,4.422,141278.668
2023-11-05 05:00:00,4.421,4.496,4.421,4.453,41224.694
2023-11-05 06:00:00,4.452,4.553,4.431,4.493,52076.597
2023-11-05 07:00:00,4.485,4.565,4.431,4.487,86856.412
2023-11-05 08:00:00,4.493,4.5,4.37,4.378,52230.802
2023-11-05 09:00:00,4.372,4.398,4.307,4.336,65603.648
2023-11-05 10:00:00,4.336,4.38,4.269,4.371,95406.782
2023-11-05 11:00:00,4.37,4.388,4.335,4.381,43441.568
2023-11-05 12:00:00,4.388,4.39,4.291,4.35,49057.957
2023-11-05 13:00:00,4.35,4.373,4.223,4.223,50912.017
2023-11-05 14:00:00,4.228,4.355,4.227,4.34,57766.025
2023-11-05 15:00:00,4.348,4.391,4.301,4.391,56510.75
2023-11-05 16:00:00,4.386,4.64,4.38,4.606,190948.394
2023-11-05 17:00:00,4.606,4.888,4.561,4.864,382441.675
2023-11-05 18:00:00,4.864,4.874,4.621,4.705,173699.223
2023-11-05 19:00:00,4.707,4.731,4.61,4.647,64647.714
2023-11-05 20:00:00,4.647,4.759,4.602,4.642,94842.912
2023-11-05 21:00:00,4.642,4.855,4.599,4.618,140132.899
2023-11-05 22:00:00,4.618,4.678,4.568,4.632,70631.008
2023-11-05 23:00:00,4.634,4.8,4.634,4.781,70270.609
2023-11-06 00:00:00,4.78,4.92,4.608,4.91,228069.491
2023-11-06 01:00:00,4.909,5.0,4.83,4.855,145242.549
2023-11-06 02:00:00,4.854,4.875,4.722,4.768,90679.178
2023-11-06 03:00:00,4.761,4.787,4.668,4.783,59941.196
2023-11-06 04:00:00,4.778,4.857,4.702,4.852,50331.396
2023-11-06 05:00:00,4.846,4.888,4.704,4.718,52956.41
2023-11-06 06:00:00,4.712,5.188,4.706,5.102,384203.182
2023-11-06 07:00:00,5.109,5.8,5.062,5.541,1355889.504
2023-11-06 08:00:00,5.54,5.9,5.335,5.557,1078997.986
2023-11-06 09:00:00,5.55,5.675,5.436,5.634,472580.433
2023-11-06 10:00:00,5.634,5.799,5.541,5.573,499749.475
2023-11-06 11:00:00,5.575,5.596,5.38,5.521,326617.716
2023-11-06 12:00:00,5.521,5.549,5.35,5.486,253951.835
2023-11-06 13:00:00,5.48,5.583,5.315,5.423,334028.61
2023-11-06 14:00:00,5.423,5.858,5.423,5.55,702667.636
2023-11-06 15:00:00,5.551,5.566,5.361,5.447,290315.957
2023-11-06 16:00:00,5.448,5.58,5.361,5.5,186540.893
2023-11-06 17:00:00,5.5,5.526,5.399,5.417,88011.672
2023-11-06 18:00:00,5.418,5.517,5.396,5.497,97542.99
2023-11-06 19:00:00,5.499,5.543,5.431,5.524,73445.886
2023-11-06 20:00:00,5.518,5.562,5.448,5.461,85004.773
2023-11-06 21:00:00,5.46,5.75,5.455,5.537,211067.127
2023-11-06 22:00:00,5.55,5.748,5.549,5.608,125073.823
2023-11-06 23:00:00,5.608,5.706,5.565,5.614,109298.805
2023-11-07 00:00:00,5.617,5.622,5.355,5.456,119882.446
2023-11-07 01:00:00,5.456,5.509,5.369,5.502,81816.172
2023-11-07 02:00:00,5.505,5.545,5.378,5.391,74058.736
2023-11-07 03:00:00,5.388,5.457,5.358,5.383,51316.075
2023-11-07 04:00:00,5.383,5.384,5.1,5.17,225002.968
2023-11-07 05:00:00,5.17,5.33,5.126,5.262,107234.595
2023-11-07 06:00:00,5.26,5.42,5.233,5.388,105892.931
2023-11-07 07:00:00,5.388,5.536,5.37,5.404,99717.665
2023-11-07 08:00:00,5.403,5.467,5.27,5.28,85676.48
2023-11-07 09:00:00,5.274,5.306,5.129,5.199,145931.026
2023-11-07 10:00:00,5.202,5.21,5.1,5.112,103249.013
2023-11-07 11:00:00,5.112,5.112,5.02,5.029,121614.902
2023-11-07 12:00:00,5.032,5.238,5.011,5.203,145287.715
2023-11-07 13:00:00,5.203,5.24,4.992,5.145,156209.538
2023-11-07 14:00:00,5.144,5.178,5.092,5.14,73649.063
2023-11-07 15:00:00,5.147,5.26,4.961,5.185,235108.563
2023-11-07 16:00:00,5.185,5.3,5.068,5.114,121463.889
2023-11-07 17:00:00,5.114,5.277,5.029,5.24,118137.025
2023-11-07 18:00:00,5.241,5.514,5.224,5.367,163101.802
2023-11-07 19:00:00,5.368,5.417,5.308,5.353,42116.199
2023-11-07 20:00:00,5.354,5.55,5.34,5.508,83804.934
2023-11-07 21:00:00,5.508,5.529,5.404,5.465,53178.403
2023-11-07 22:00:00,5.458,5.474,5.204,5.38,104736.658
2023-11-07 23:00:00,5.375,5.395,5.314,5.367,20337.283
2023-11-08 00:00:00,5.361,5.41,5.2,5.224,61718.33
2023-11-08 01:00:00,5.224,5.318,5.218,5.315,38542.626
2023-11-08 02:00:00,5.315,5.386,5.271,5.354,39137.04
2023-11-08 03:00:00,5.354,5.36,5.291,5.317,16079.919
2023-11-08 04:00:00,5.326,5.6,5.32,5.484,90007.421
2023-11-08 05:00:00,5.484,5.6,5.422,5.43,67750.08
2023-11-08 06:00:00,5.438,6.15,5.437,6.064,546004.242
2023-11-08 07:00:00,6.072,6.26,5.782,5.853,476489.741
2023-11-08 08:00:00,5.852,6.0,5.777,5.822,136104.945
2023-11-08 09:00:00,5.82,5.995,5.765,5.943,104957.97
2023-11-08 10:00:00,5.95,5.992,5.826,5.968,80110.558
2023-11-08 11:00:00,5.977,5.99,5.683,5.693,213399.892
2023-11-08 12:00:00,5.693,5.79,5.626,5.736,87607.834
2023-11-08 13:00:00,5.744,5.758,5.611,5.748,106658.228
2023-11-08 14:00:00,5.744,5.759,5.563,5.656,144213.784
2023-11-08 15:00:00,5.651,5.753,5.606,5.676,117166.485
2023-11-08 16:00:00,5.685,5.89,5.681,5.798,88716.029
2023-11-08 17:00:00,5.791,5.801,5.715,5.798,49846.093
2023-11-08 18:00:00,5.79,5.869,5.77,5.847,76835.273
2023-11-08 19:00:00,5.848,5.99,5.831,5.925,118121.437
2023-11-08 20:00:00,5.926,6.148,5.88,5.919,182559.858
2023-11-08 21:00:00,5.923,5.985,5.758,5.83,124666.927
2023-11-08 22:00:00,5.831,5.98,5.819,5.855,64368.239
2023-11-08 23:00:00,5.86,5.962,5.762,5.78,49248.48
2023-11-09 00:00:00,5.78,5.831,5.65,5.821,67269.124
2023-11-09 01:00:00,5.82,5.902,5.671,5.683,53794.449
2023-11-09 02:00:00,5.682,5.838,5.65,5.835,79400.453
2023-11-09 03:00:00,5.829,6.011,5.79,5.931,85315.157
2023-11-09 04:00:00,5.934,5.976,5.85,5.865,46253.45
2023-11-09 05:00:00,5.868,6.074,5.806,6.058,58297.345
2023-11-09 06:00:00,6.053,6.12,5.929,6.057,180300.101
2023-11-09 07:00:00,6.051,6.12,5.86,5.888,76235.142
2023-11-09 08:00:00,5.882,6.25,5.86,6.154,173960.469
2023-11-09 09:00:00,6.154,6.482,6.09,6.48,371009.254
2023-11-09 10:00:00,6.48,6.5,6.273,6.301,210676.592
2023-11-09 11:00:00,6.298,6.4,6.172,6.323,164318.743
2023-11-09 12:00:00,6.321,6.378,6.188,6.25,101217.037
2023-11-09 13:00:00,6.25,6.355,6.207,6.309,89742.779
2023-11-09 19:00:00,5.822,6.049,5.822,6.034,98944.456
2023-11-09 20:00:00,6.037,6.045,5.867,6.031,63800.028
2023-11-09 21:00:00,6.031,6.222,6.023,6.128,79451.963
2023-11-09 22:00:00,6.135,6.25,6.079,6.24,58429.153
2023-11-09 23:00:00,6.24,6.314,6.191,6.285,44884.001
2023-11-10 00:00:00,6.285,6.345,6.177,6.191,63006.03
2023-11-10 01:00:00,6.189,6.313,6.161,6.299,32050.773
2023-11-10 02:00:00,6.299,6.316,6.154,6.221,38141.656
2023-11-10 03:00:00,6.212,6.299,6.123,6.131,53030.37
2023-11-10 04:00:00,6.135,6.181,6.012,6.061,57809.718
2023-11-10 05:00:00,6.064,6.11,5.962,5.998,66714.409
2023-11-10 06:00:00,6.005,6.02,5.871,5.929,79352.587
2023-11-10 07:00:00,5.928,5.975,5.808,5.884,68732.998
2023-11-10 08:00:00,5.885,5.962,5.75,5.961,95999.923
2023-11-10 09:00:00,5.954,6.031,5.889,5.98,67449.541
2023-11-10 10:00:00,5.984,6.046,5.961,6.038,79218.093
2023-11-10 11:00:00,6.037,6.042,5.903,5.99,76803.042
2023-11-10 12:00:00,5.991,6.001,5.817,5.982,90007.292
2023-11-10 13:00:00,5.981,6.012,5.942,5.953,64877.571
2023-11-10 14:00:00,5.958,5.976,5.826,5.863,72118.248
2023-11-10 15:00:00,5.863,5.96,5.83,5.863,80883.658
2023-11-10 16:00:00,5.863,6.003,5.863,5.978,71839.098
2023-11-10 17:00:00,5.976,6.018,5.873,5.934,87590.857
2023-11-10 18:00:00,5.949,6.0,5.939,5.987,36324.954
2023-11-10 19:00:00,5.989,6.108,5.985,6.032,85833.175
2023-11-10 20:00:00,6.035,6.102,6.0,6.082,48089.857
2023-11-10 21:00:00,6.084,6.196,6.063,6.164,63835.194
2023-11-10 22:00:00,6.164,6.167,5.988,6.036,68427.844
2023-11-10 23:00:00,6.029,6.094,5.956,6.015,52160.589
2023-11-11 00:00:00,6.022,6.2,6.006,6.088,57093.784
2023-11-11 01:00:00,6.089,6.089,5.88,5.889,70482.879
2023-11-11 02:00:00,5.894,5.96,5.83,5.922,32393.251
2023-11-11 03:00:00,5.927,5.972,5.852,5.852,43456.941
2023-11-11 04:00:00,5.859,5.893,5.733,5.865,73592.056
2023-11-11 05:00:00,5.863,5.918,5.849,5.869,24429.677
2023-11-11 06:00:00,5.869,5.936,5.819,5.895,24658.803
2023-11-11 07:00:00,5.896,5.91,5.772,5.791,49732.642
2023-11-11 08:00:00,5.793,5.825,5.75,5.808,54443.283
2023-11-11 09:00:00,5.815,5.901,5.751,5.789,61292.441
2023-11-11 10:00:00,5.794,5.881,5.785,5.881,30962.905
2023-11-11 11:00:00,5.875,5.875,5.751,5.778,42688.275
2023-11-11 12:00:00,5.775,5.928,5.721,5.876,76536.917
2023-11-11 13:00:00,5.888,6.29,5.88,6.277,278436.675
2023-11-11 14:00:00,6.277,6.283,6.1,6.227,124952.709
2023-11-11 15:00:00,6.23,6.247,6.1,6.138,81424.923
2023-11-11 16:00:00,6.144,6.21,6.123,6.124,65169.031
2023-11-11 17:00:00,6.124,6.381,6.01,6.341,166217.978
2023-11-11 18:00:00,6.349,6.624,6.326,6.609,273678.28
2023-11-11 19:00:00,6.616,6.636,6.46,6.537,131185.004
2023-11-11 20:00:00,6.535,6.76,6.32,6.32,162263.757
2023-11-11 21:00:00,6.32,6.74,6.32,6.738,157628.621
2023-11-11 22:00:00,6.738,6.757,6.49,6.647,157200.079
2023-11-11 23:00:00,6.639,6.939,6.53,6.831,122292.257
2023-11-12 00:00:00,6.825,7.387,6.81,6.914,494599.726
2023-11-12 01:00:00,6.92,7.012,6.594,6.902,155468.956
2023-11-12 02:00:00,6.902,6.912,6.73,6.766,56706.071
2023-11-12 03:00:00,6.773,6.988,6.5,6.526,139696.6
2023-11-12 04:00:00,6.526,6.635,6.473,6.507,88431.222
2023-11-12 05:00:00,6.496,6.599,6.486,6.513,59048.163
2023-11-12 06:00:00,6.511,6.787,6.5,6.683,102676.979
2023-11-12 07:00:00,6.683,6.724,6.425,6.589,192448.093
2023-11-12 08:00:00,6.596,6.627,6.376,6.573,156141.208
2023-11-12 09:00:00,6.581,6.65,6.419,6.446,65778.789
2023-11-12 10:00:00,6.438,6.694,6.42,6.631,61417.968
2023-11-12 11:00:00,6.642,6.657,6.51,6.529,38509.082
2023-11-12 12:00:00,6.529,6.557,6.415,6.474,60995.452
2023-11-12 13:00:00,6.466,6.58,6.277,6.414,170592.88
2023-11-12 14:00:00,6.409,6.467,6.371,6.414,66267.873
2023-11-12 15:00:00,6.416,6.7,6.29,6.445,185790.481
2023-11-12 16:00:00,6.443,6.443,6.278,6.351,78920.255
2023-11-12 17:00:00,6.362,6.466,6.359,6.428,49243.289
2023-11-12 18:00:00,6.427,6.63,6.424,6.545,60214.778
2023-11-12 19:00:00,6.572,6.63,6.44,6.449,50777.94
2023-11-12 20:00:00,6.446,6.593,6.434,6.561,29915.855
2023-11-12 21:00:00,6.561,6.65,6.534,6.643,53443.555
2023-11-12 22:00:00,6.642,6.662,6.27,6.33,138880.733
2023-11-12 23:00:00,6.339,6.4,6.137,6.196,86474.155
2023-11-13 00:00:00,6.193,6.32,6.101,6.254,123696.088
2023-11-13 01:00:00,6.246,6.41,6.213,6.369,57906.099
2023-11-13 02:00:00,6.37,6.449,6.244,6.349,97603.826
2023-11-13 03:00:00,6.35,6.504,6.201,6.396,94035.955
2023-11-13 04:00:00,6.396,6.5,6.312,6.348,61773.283
2023-11-13 05:00:00,6.347,6.432,6.196,6.266,56716.257
2023-11-13 06:00:00,6.265,6.266,6.052,6.212,77980.287
2023-11-13 07:00:00,6.212,6.33,6.144,6.205,57601.124
2023-11-13 08:00:00,6.205,6.223,6.11,6.176,55075.343
2023-11-13 09:00:00,6.178,6.196,6.089,6.129,57792.875
2023-11-13 10:00:00,6.133,6.141,5.96,6.068,148205.126
2023-11-13 11:00:00,6.068,6.068,5.8,5.965,158931.418
2023-11-13 12:00:00,5.97,6.071,5.816,6.062,90443.207
2023-11-13 13:00:00,6.062,6.062,5.947,6.032,49141.314
2023-11-13 14:00:00,6.032,6.372,6.022,6.141,292543.392
2023-11-13 15:00:00,6.145,6.3,6.071,6.215,142427.909
2023-11-13 16:00:00,6.22,6.657,6.15,6.58,351589.542
2023-11-13 17:00:00,6.58,6.837,6.31,6.346,224229.121
2023-11-13 18:00:00,6.346,6.5,6.191,6.356,145353.143
2023-11-13 19:00:00,6.358,6.504,6.266,6.494,56425.618
2023-11-13 20:00:00,6.483,6.519,6.258,6.269,36938.196
2023-11-13 21:00:00,6.274,6.29,5.9,6.029,231506.639
2023-11-13 22:00:00,6.036,6.107,6.01,6.013,52764.515
2023-11-13 23:00:00,6.012,6.133,5.9,5.916,68704.871
2023-11-14 00:00:00,5.916,5.982,5.78,5.851,126201.401
2023-11-14 01:00:00,5.852,6.048,5.852,5.996,34503.852
2023-11-14 02:00:00,5.99,6.068,5.96,6.057,36647.463
2023-11-14 03:00:00,6.057,6.12,6.051,6.092,31588.634
2023-11-14 04:00:00,6.089,6.199,6.056,6.185,32612.382
2023-11-14 05:00:00,6.176,6.311,6.161,6.286,64944.863
2023-11-14 06:00:00,6.286,6.293,6.143,6.282,64163.349
2023-11-14 07:00:00,6.282,6.318,6.228,6.306,38823.792
2023-11-14 08:00:00,6.302,6.337,6.221,6.305,70699.111
2023-11-14 09:00:00,6.303,6.35,6.169,6.184,52940.944
2023-11-14 10:00:00,6.181,6.181,6.063,6.115,57321.612
2023-11-14 11:00:00,6.119,6.128,5.898,5.966,64999.977
2023-11-14 12:00:00,5.967,5.997,5.89,5.965,55057.76
2023-11-14 13:00:00,5.966,6.078,5.5,5.811,604785.274
2023-11-14 14:00:00,5.819,5.939,5.667,5.821,164984.988
2023-11-14 15:00:00,5.814,5.823,5.553,5.654,156483.342
2023-11-14 16:00:00,5.654,6.02,5.654,5.934,147488.909
2023-11-14 17:00:00,5.94,6.1,5.83,6.085,264333.104
2023-11-14 18:00:00,6.095,6.1,5.799,5.814,187041.083
2023-11-14 19:00:00,5.814,6.18,5.808,6.065,201086.638
2023-11-14 20:00:00,6.065,6.217,6.013,6.033,98913.083
2023-11-14 21:00:00,6.033,6.25,6.006,6.226,74698.522
2023-11-14 22:00:00,6.23,6.265,6.117,6.126,91844.97
2023-11-14 23:00:00,6.123,6.177,6.057,6.107,40237.9
2023-11-15 00:00:00,6.101,6.316,6.067,6.164,121130.216
2023-11-15 01:00:00,6.17,6.372,6.14,6.191,70562.607
2023-11-15 02:00:00,6.182,6.255,6.164,6.228,22959.101
2023-11-15 03:00:00,6.222,6.248,6.101,6.108,38992.325
2023-11-15 04:00:00,6.106,6.369,6.102,6.348,49970.174
2023-11-15 05:00:00,6.348,6.399,6.289,6.36,56723.251
2023-11-15 06:00:00,6.362,6.5,6.354,6.42,82547.898
2023-11-15 07:00:00,6.415,6.787,6.376,6.714,166482.025
2023-11-15 08:00:00,6.714,6.96,6.586,6.867,191784.463
2023-11-15 09:00:00,6.867,6.96,6.714,6.813,146528.413
2023-11-15 10:00:00,6.818,6.832,6.641,6.668,124015.314
2023-11-15 11:00:00,6.669,6.95,6.607,6.849,137399.198
2023-11-15 12:00:00,6.848,6.901,6.72,6.783,106220.525
2023-11-15 13:00:00,6.786,6.936,6.688,6.835,140078.509
2023-11-15 14:00:00,6.842,6.9,6.679,6.749,120019.581
2023-11-15 15:00:00,6.741,7.288,6.727,7.133,561873.487
2023-11-15 16:00:00,7.138,7.19,6.96,7.043,251707.901
2023-11-15 17:00:00,7.043,7.075,6.882,6.913,105761.517
2023-11-15 18:00:00,6.916,7.149,6.844,7.122,143332.608
2023-11-15 19:00:00,7.121,7.147,6.965,7.02,73137.745
2023-11-15 20:00:00,7.011,7.126,6.86,6.963,99403.149
2023-11-15 21:00:00,6.963,6.984,6.77,6.821,99118.093
2023-11-15 22:00:00,6.814,6.974,6.761,6.955,67231.154
2023-11-15 23:00:00,6.957,7.02,6.883,7.01,56995.827
2023-11-16 00:00:00,7.0,7.142,6.911,7.12,69971.669
2023-11-16 01:00:00,7.12,7.147,6.941,6.963,52549.373
2023-11-16 02:00:00,6.963,7.081,6.934,7.061,39413.044
2023-11-16 03:00:00,7.061,7.074,6.958,6.986,33323.186
2023-11-16 04:00:00,6.983,7.033,6.833,6.974,46673.229
2023-11-16 05:00:00,6.966,6.985,6.85,6.876,47963.267
2023-11-16 06:00:00,6.876,7.13,6.85,7.044,76651.195
2023-11-16 07:00:00,7.04,7.06,6.98,6.997,43273.193
2023-11-16 08:00:00,7.0,7.033,6.87,6.915,77826.447
2023-11-16 09:00:00,6.909,6.909,6.77,6.787,64568.442
2023-11-16 10:00:00,6.787,6.89,6.711,6.732,63342.188
2023-11-16 11:00:00,6.734,6.87,6.708,6.717,62977.634
2023-11-16 12:00:00,6.721,6.73,6.511,6.555,119501.053
2023-11-16 13:00:00,6.559,6.63,6.431,6.557,128231.027
2023-11-16 14:00:00,6.553,6.666,6.462,6.64,104341.398
2023-11-16 15:00:00,6.639,6.715,6.421,6.575,121911.95
2023-11-16 16:00:00,6.567,6.65,6.51,6.604,78662.399
2023-11-16 17:00:00,6.603,6.68,6.569,6.599,41168.035
2023-11-16 18:00:00,6.598,6.599,6.329,6.399,166630.465
2023-11-16 19:00:00,6.397,6.46,6.185,6.4,138942.698
2023-11-16 20:00:00,6.412,6.444,6.216,6.317,98012.854
2023-11-16 21:00:00,6.319,6.339,6.19,6.238,61593.616
2023-11-16 22:00:00,6.238,6.405,6.22,6.37,47398.669
2023-11-16 23:00:00,6.37,6.385,6.21,6.237,67708.721
2023-11-17 00:00:00,6.245,6.5,6.217,6.5,65015.5
2023-11-17 01:00:00,6.495,6.592,6.44,6.592,62070.839
2023-11-17 02:00:00,6.592,6.616,6.471,6.543,29494.224
2023-11-17 03:00:00,6.532,6.561,6.452,6.518,37327.316
2023-11-17 04:00:00,6.518,6.59,6.481,6.566,23653.85
2023-11-17 05:00:00,6.564,6.651,6.513,6.556,44684.915
2023-11-17 06:00:00,6.556,6.694,6.506,6.577,29317.351
2023-11-17 07:00:00,6.579,6.582,6.435,6.445,36395.74
2023-11-17 08:00:00,6.447,6.538,6.406,6.425,46183.711
2023-11-17 09:00:00,6.416,6.431,6.255,6.284,83820.708
2023-11-17 10:00:00,6.297,6.3,6.026,6.126,127056.061
2023-11-17 11:00:00,6.118,6.25,6.1,6.16,69084.685
2023-11-17 12:00:00,6.16,6.16,5.928,6.08,117855.673
2023-11-17 13:00:00,6.084,6.25,6.081,6.108,61809.943
2023-11-17 14:00:00,6.108,6.148,5.87,5.9,112586.097
2023-11-17 15:00:00,5.912,6.023,5.76,5.847,127470.416
2023-11-17 16:00:00,5.847,6.0,5.847,5.93,83996.476
2023-11-17 17:00:00,5.927,6.138,5.915,6.104,61807.294
2023-11-17 18:00:00,6.112,6.24,6.096,6.15,47943.029
2023-11-17 19:00:00,6.143,6.207,6.058,6.116,39796.855
2023-11-17 20:00:00,6.107,6.247,6.065,6.091,40744.589
2023-11-17 21:00:00,6.084,6.139,6.029,6.085,26190.725
2023-11-17 22:00:00,6.094,6.239,6.093,6.231,17759.346
2023-11-17 23:00:00,6.231,6.295,6.17,6.204,34052.718
2023-11-18 00:00:00,6.201,6.201,6.076,6.102,35361.826
2023-11-18 01:00:00,6.103,6.148,6.077,6.102,17064.05
2023-11-18 02:00:00,6.108,6.166,6.09,6.134,10379.27
2023-11-18 03:00:00,6.139,6.148,5.88,5.93,44166.832
2023-11-18 04:00:00,5.93,6.085,5.93,5.987,27601.818
2023-11-18 05:00:00,5.984,5.99,5.81,5.833,45605.217
2023-11-18 06:00:00,5.83,5.913,5.78,5.785,43378.519
2023-11-18 07:00:00,5.788,5.972,5.68,5.95,83248.52
2023-11-18 08:00:00,5.952,6.094,5.913,6.026,25954.259
2023-11-18 09:00:00,6.022,6.098,6.0,6.044,20058.569
2023-11-18 10:00:00,6.043,6.131,6.0,6.046,28890.167
2023-11-18 11:00:00,6.047,6.062,5.957,5.992,26922.652
2023-11-18 12:00:00,5.982,6.065,5.958,6.038,18036.117
2023-11-18 13:00:00,6.035,6.091,5.95,6.038,32347.121
2023-11-18 14:00:00,6.038,6.196,6.028,6.157,50316.442
2023-11-18 15:00:00,6.154,6.549,6.145,6.477,260460.752
2023-11-18 16:00:00,6.479,6.7,6.428,6.445,140236.761
2023-11-18 17:00:00,6.445,6.648,6.389,6.421,76665.908
2023-11-18 18:00:00,6.412,6.44,6.358,6.4,37216.179
2023-11-18 19:00:00,6.4,6.527,6.371,6.491,30642.655
2023-11-18 20:00:00,6.498,6.566,6.463,6.552,31168.622
2023-11-18 21:00:00,6.545,6.552,6.442,6.444,34252.834
2023-11-18 22:00:00,6.444,6.49,6.379,6.432,26286.947
2023-11-18 23:00:00,6.427,6.6,6.419,6.586,28061.842
2023-11-19 00:00:00,6.585,6.794,6.528,6.577,97814.458
2023-11-19 01:00:00,6.578,6.617,6.443,6.6,35525.892
2023-11-19 02:00:00,6.6,6.7,6.537,6.667,34224.713
2023-11-19 03:00:00,6.658,6.79,6.579,6.757,44576.755
2023-11-19 04:00:00,6.757,6.79,6.653,6.666,38725.52
2023-11-19 05:00:00,6.666,6.76,6.665,6.676,23357.201
2023-11-19 06:00:00,6.683,6.706,6.555,6.557,46121.688
2023-11-19 07:00:00,6.565,6.66,6.556,6.601,19650.313
2023-11-19 08:00:00,6.599,6.759,6.581,6.696,44864.847
2023-11-19 09:00:00,6.701,6.732,6.507,6.555,76107.79
2023-11-19 10:00:00,6.555,6.588,6.427,6.44,66430.621
2023-11-19 11:00:00,6.44,6.504,6.351,6.478,140684.818
2023-11-19 12:00:00,6.48,6.715,6.389,6.64,126033.089
2023-11-19 13:00:00,6.632,6.74,6.597,6.668,93701.793
2023-11-19 14:00:00,6.673,6.717,6.61,6.639,28065.581
2023-11-19 15:00:00,6.639,6.999,6.595,6.855,257868.142
2023-11-19 16:00:00,6.854,7.047,6.8,6.976,220157.331
2023-11-19 17:00:00,6.972,7.016,6.818,6.95,88398.54
2023-11-19 18:00:00,6.95,7.046,6.916,6.972,69585.384
2023-11-19 19:00:00,6.973,7.15,6.928,7.125,69074.461
2023-11-19 20:00:00,7.126,7.199,7.0,7.029,132462.123
2023-11-19 21:00:00,7.021,7.051,6.911,6.951,52817.125
2023-11-19 22:00:00,6.95,7.012,6.81,6.853,45423.833
2023-11-19 23:00:00,6.861,7.03,6.847,6.87,82130.187
2023-11-20 00:00:00,6.87,6.968,6.841,6.967,24518.554
2023-11-20 01:00:00,6.958,6.981,6.779,6.796,41929.929
2023-11-20 02:00:00,6.798,6.948,6.724,6.927,35377.002
2023-11-20 03:00:00,6.927,7.19,6.923,7.115,61236.66
2023-11-20 04:00:00,7.108,7.23,7.049,7.079,67560.729
2023-11-20 05:00:00,7.078,7.164,7.0,7.099,35687.008
2023-11-20 06:00:00,7.1,7.18,7.033,7.161,38742.443
2023-11-20 07:00:00,7.154,7.4,7.152,7.361,98702.113
2023-11-20 08:00:00,7.357,7.392,7.12,7.152,101832.724
2023-11-20 09:00:00,7.152,7.515,7.137,7.511,143643.205
2023-11-20 10:00:00,7.505,7.54,7.16,7.227,314565.205
2023-11-20 11:00:00,7.219,7.32,6.632,6.927,569760.817
2023-11-20 12:00:00,6.921,7.073,6.8,7.026,134865.323
2023-11-20 13:00:00,7.021,7.061,6.757,6.789,141145.174
2023-11-20 14:00:00,6.781,7.091,6.635,7.032,118873.609
2023-11-20 15:00:00,7.028,7.058,6.835,6.966,75598.239
2023-11-20 16:00:00,6.97,6.995,6.5,6.625,216549.028
2023-11-20 17:00:00,6.623,6.894,6.623,6.831,102032.665
2023-11-20 18:00:00,6.838,6.867,6.705,6.723,69769.865
2023-11-20 19:00:00,6.723,6.793,6.656,6.675,45067.429
2023-11-20 20:00:00,6.677,6.763,6.539,6.58,72265.363
2023-11-20 21:00:00,6.582,6.599,6.44,6.561,98162.398
2023-11-20 22:00:00,6.554,6.65,6.521,6.582,63337.062
2023-11-20 23:00:00,6.577,6.65,6.457,6.479,52806.504
2023-11-21 00:00:00,6.472,6.595,6.464,6.554,19224.928
2023-11-21 01:00:00,6.549,6.636,6.481,6.575,39012.222
2023-11-21 02:00:00,6.565,6.637,6.437,6.45,43089.233
2023-11-21 03:00:00,6.448,6.527,6.448,6.48,25864.259
2023-11-21 04:00:00,6.474,6.539,6.443,6.532,18324.981
2023-11-21 05:00:00,6.524,6.765,6.475,6.711,77402.632
2023-11-21 06:00:00,6.705,6.797,6.68,6.725,35511.554
2023-11-21 07:00:00,6.731,6.731,6.482,6.483,58168.231
2023-11-21 08:00:00,6.494,6.578,6.461,6.527,67602.403
2023-11-21 09:00:00,6.532,6.648,6.505,6.525,45986.505
2023-11-21 10:00:00,6.526,6.575,6.467,6.51,49867.076
2023-11-21 11:00:00,6.51,6.541,6.361,6.366,65464.823
2023-11-21 12:00:00,6.375,6.475,6.355,6.391,78351.304
2023-11-21 13:00:00,6.385,6.387,6.171,6.184,133588.789
2023-11-21 14:00:00,6.19,6.24,6.08,6.221,124634.86
2023-11-21 15:00:00,6.22,6.28,6.004,6.254,257317.085
2023-11-21 16:00:00,6.257,6.366,6.177,6.347,116753.657
2023-11-21 17:00:00,6.353,6.432,6.0,6.102,190339.578
2023-11-21 18:00:00,6.102,6.113,5.78,6.072,353673.778
2023-11-21 19:00:00,6.072,6.2,6.0,6.038,93230.533
2023-11-21 20:00:00,6.038,6.262,5.995,6.097,114980.548
2023-11-21 21:00:00,6.101,6.168,6.0,6.01,55609.673
2023-11-21 22:00:00,6.011,6.035,5.724,5.771,131629.61
2023-11-21 23:00:00,5.772,5.883,5.676,5.686,114958.4
2023-11-22 00:00:00,5.684,5.881,5.65,5.864,93524.278
2023-11-22 01:00:00,5.865,5.95,5.833,5.865,59782.564
2023-11-22 02:00:00,5.869,5.989,5.817,5.974,20468.685
2023-11-22 03:00:00,5.974,6.186,5.921,6.168,120932.957
2023-11-22 04:00:00,6.167,6.28,6.111,6.192,39100.472
2023-11-22 05:00:00,6.192,6.208,6.111,6.15,22987.417
2023-11-22 06:00:00,6.15,6.281,6.145,6.25,58372.914
2023-11-22 07:00:00,6.242,6.282,6.082,6.1,47052.675
2023-11-22 08:00:00,6.096,6.155,6.082,6.132,28362.365
2023-11-22 09:00:00,6.132,6.181,6.098,6.151,19465.581
2023-11-22 10:00:00,6.157,6.225,6.091,6.187,33241.623
2023-11-22 11:00:00,6.185,6.207,6.071,6.087,29785.187
2023-11-22 12:00:00,6.09,6.146,6.071,6.091,28046.884
2023-11-22 13:00:00,6.091,6.226,6.075,6.19,55101.679
2023-11-22 14:00:00,6.196,6.306,6.167,6.222,92456.768
2023-11-22 15:00:00,6.224,6.374,6.207,6.307,59049.217
2023-11-22 16:00:00,6.312,6.368,6.211,6.282,34196.459
2023-11-22 17:00:00,6.277,6.34,6.265,6.311,34681.754
2023-11-22 18:00:00,6.311,6.58,6.279,6.543,116132.388
2023-11-22 19:00:00,6.544,6.615,6.481,6.547,80718.378
2023-11-22 20:00:00,6.542,6.67,6.541,6.648,61463.524
2023-11-22 21:00:00,6.656,6.7,6.569,6.648,63486.046
2023-11-22 22:00:00,6.661,6.7,6.49,6.52,104082.991
2023-11-22 23:00:00,6.519,6.55,6.4,6.463,53773.092
2023-11-23 00:00:00,6.463,6.625,6.433,6.552,55902.757
2023-11-23 01:00:00,6.542,6.605,6.503,6.518,25811.345
2023-11-23 02:00:00,6.52,6.527,6.415,6.436,31412.18
2023-11-23 03:00:00,6.436,6.459,6.377,6.43,19793.155
2023-11-23 04:00:00,6.417,6.458,6.379,6.443,13462.722
2023-11-23 05:00:00,6.447,6.447,6.379,6.406,14695.994
2023-11-23 06:00:00,6.398,6.457,6.347,6.457,21968.539
2023-11-23 07:00:00,6.448,6.487,6.44,6.452,13108.399
2023-11-23 08:00:00,6.452,6.499,6.408,6.446,24822.407
2023-11-23 09:00:00,6.453,6.462,6.332,6.438,35021.097
2023-11-23 10:00:00,6.434,6.436,6.292,6.313,41132.573
2023-11-23 11:00:00,6.309,6.31,6.205,6.286,44316.72
2023-11-23 12:00:00,6.286,6.338,6.225,6.231,17438.16
2023-11-23 13:00:00,6.232,6.247,6.134,6.142,52535.191
2023-11-23 14:00:00,6.142,6.241,6.142,6.214,24476.253
2023-11-23 15:00:00,6.213,6.249,6.076,6.102,56536.956
2023-11-23 16:00:00,6.102,6.248,6.092,6.238,21246.929
2023-11-23 17:00:00,6.236,6.348,6.231,6.327,30444.121
2023-11-23 18:00:00,6.326,6.339,6.253,6.258,16493.356
2023-11-23 19:00:00,6.264,6.272,6.186,6.193,17543.434
2023-11-23 20:00:00,6.194,6.28,6.194,6.266,16239.13
2023-11-23 21:00:00,6.262,6.311,6.175,6.236,32871.475
2023-11-23 22:00:00,6.245,6.264,6.129,6.201,28796.978
2023-11-23 23:00:00,6.203,6.225,6.097,6.115,43595.808
2023-11-24 00:00:00,6.122,6.159,6.093,6.159,20797.468
2023-11-24 01:00:00,6.157,6.23,6.148,6.206,15009.013
2023-11-24 02:00:00,6.207,6.246,6.192,6.192,15048.022
2023-11-24 03:00:00,6.197,6.228,6.167,6.178,12466.624
2023-11-24 04:00:00,6.178,6.189,6.114,6.161,24020.174
2023-11-24 05:00:00,6.161,6.201,6.123,6.201,12446.567
2023-11-24 06:00:00,6.202,6.216,6.179,6.183,17323.438
2023-11-24 07:00:00,6.19,6.251,6.161,6.242,24352.694
2023-11-24 08:00:00,6.247,6.393,6.232,6.326,63633.623
2023-11-24 09:00:00,6.326,6.459,6.314,6.449,46369.289
2023-11-24 10:00:00,6.448,6.53,6.396,6.43,78349.583
2023-11-24 11:00:00,6.43,6.49,6.41,6.468,33973.309
2023-11-24 12:00:00,6.46,6.518,6.391,6.396,27358.019
2023-11-24 13:00:00,6.391,6.469,6.369,6.396,26281.775
2023-11-24 14:00:00,6.396,6.465,6.361,6.365,23830.551
2023-11-24 15:00:00,6.371,6.574,6.364,6.502,56524.284
2023-11-24 16:00:00,6.504,6.639,6.394,6.41,63965.233
2023-11-24 17:00:00,6.414,6.504,6.35,6.373,43585.908
2023-11-24 18:00:00,6.368,6.416,6.272,6.369,50850.714
2023-11-24 19:00:00,6.367,6.385,6.288,6.305,18837.498
2023-11-24 20:00:00,6.305,6.356,6.292,6.354,14343.169
2023-11-24 21:00:00,6.346,6.419,6.326,6.335,16314.388
2023-11-24 22:00:00,6.337,6.417,6.28,6.358,30752.349
2023-11-24 23:00:00,6.371,6.38,6.292,6.34,8901.18
2023-11-25 00:00:00,6.346,6.349,6.294,6.318,14897.441
2023-11-25 01:00:00,6.318,6.377,6.311,6.351,15996.494
2023-11-25 02:00:00,6.358,6.461,6.351,6.452,18468.598
2023-11-25 03:00:00,6.452,6.496,6.407,6.469,27886.048
2023-11-25 04:00:00,6.471,6.508,6.45,6.488,25469.172
2023-11-25 05:00:00,6.488,6.503,6.425,6.45,12649.88
2023-11-25 06:00:00,6.452,6.505,6.418,6.456,15201.175
2023-11-25 07:00:00,6.456,6.52,6.432,6.483,23823.518
2023-11-25 08:00:00,6.483,6.578,6.47,6.544,35663.37
2023-11-25 09:00:00,6.544,6.61,6.511,6.58,35598.137
2023-11-25 10:00:00,6.579,6.602,6.399,6.445,53870.571
2023-11-25 11:00:00,6.445,6.482,6.382,6.426,37456.792
2023-11-25 12:00:00,6.433,6.446,6.395,6.416,16343.333
2023-11-25 13:00:00,6.419,6.437,6.394,6.421,12556.693
2023-11-25 14:00:00,6.429,6.437,6.365,6.386,17522.251
2023-11-25 15:00:00,6.386,6.474,6.361,6.444,22339.041
2023-11-25 16:00:00,6.444,6.55,6.444,6.537,35223.598
2023-11-25 17:00:00,6.537,6.537,6.419,6.449,48793.657
2023-11-25 18:00:00,6.45,6.6,6.44,6.543,40024.489
2023-11-25 19:00:00,6.545,6.579,6.519,6.538,24663.843
2023-11-25 20:00:00,6.537,6.604,6.521,6.549,30713.428
2023-11-25 21:00:00,6.547,6.564,6.428,6.438,40935.305
2023-11-25 22:00:00,6.443,6.481,6.44,6.467,7606.149
2023-11-25 23:00:00,6.47,6.531,6.466,6.497,19845.973
2023-11-26 00:00:00,6.497,6.566,6.488,6.53,28792.187
2023-11-26 01:00:00,6.528,6.531,6.443,6.452,20969.642
2023-11-26 02:00:00,6.449,6.504,6.419,6.475,12208.337
2023-11-26 03:00:00,6.47,6.492,6.414,6.433,8399.64
2023-11-26 04:00:00,6.435,6.5,6.418,6.5,8813.855
2023-11-26 05:00:00,6.5,6.504,6.467,6.474,4954.838
2023-11-26 06:00:00,6.479,6.489,6.418,6.43,13404.704
2023-11-26 07:00:00,6.43,6.481,6.427,6.438,13431.619
2023-11-26 08:00:00,6.442,6.45,6.4,6.403,14366.659
2023-11-26 09:00:00,6.404,6.58,6.39,6.536,37947.619
2023-11-26 10:00:00,6.535,6.75,6.528,6.634,121842.826
2023-11-26 11:00:00,6.64,6.746,6.607,6.727,35500.037
2023-11-26 12:00:00,6.727,6.789,6.558,6.725,68707.928
2023-11-26 13:00:00,6.722,6.752,6.607,6.666,29393.454
2023-11-26 14:00:00,6.66,6.745,6.445,6.458,72150.77
2023-11-26 15:00:00,6.457,6.546,6.38,6.393,78137.085
2023-11-26 16:00:00,6.385,6.419,6.22,6.304,77845.855
2023-11-26 17:00:00,6.303,6.364,6.278,6.324,22413.134
2023-11-26 18:00:00,6.324,6.347,6.24,6.271,32960.541
2023-11-26 19:00:00,6.271,6.345,6.262,6.334,21443.002
2023-11-26 20:00:00,6.327,6.4,6.312,6.395,34402.246
2023-11-26 21:00:00,6.392,6.416,6.282,6.328,65300.376
2023-11-26 22:00:00,6.331,6.493,6.319,6.475,34378.304
2023-11-26 23:00:00,6.47,6.479,6.318,6.357,28222.122
2023-11-27 00:00:00,6.354,6.471,6.321,6.429,23525.076
2023-11-27 01:00:00,6.432,6.449,6.364,6.399,15338.785
2023-11-27 02:00:00,6.399,6.399,6.336,6.35,18027.88
2023-11-27 03:00:00,6.358,6.396,6.24,6.295,22567.768
2023-11-27 04:00:00,6.302,6.325,6.266,6.3,22421.229
2023-11-27 05:00:00,6.302,6.336,6.142,6.175,52320.109
2023-11-27 06:00:00,6.176,6.214,6.051,6.075,68249.223
2023-11-27 07:00:00,6.075,6.154,6.037,6.128,49605.726
2023-11-27 08:00:00,6.128,6.214,6.074,6.139,21838.305
2023-11-27 09:00:00,6.139,6.216,6.123,6.124,28294.461
2023-11-27 10:00:00,6.12,6.127,5.955,5.955,87475.564
2023-11-27 11:00:00,5.974,6.025,5.9,5.95,70187.008
2023-11-27 12:00:00,5.956,6.005,5.925,5.971,55156.713
2023-11-27 13:00:00,5.972,6.089,5.971,6.043,54498.448
2023-11-27 14:00:00,6.043,6.07,5.9,5.912,45486.982
2023-11-27 15:00:00,5.913,6.021,5.877,5.888,39051.894
2023-11-27 16:00:00,5.888,5.997,5.855,5.949,67313.529
2023-11-27 17:00:00,5.954,6.029,5.93,5.94,36125.24
2023-11-27 18:00:00,5.938,5.965,5.869,5.874,32081.325
2023-11-27 19:00:00,5.875,5.938,5.821,5.878,43395.845
2023-11-27 20:00:00,5.878,5.92,5.813,5.846,32654.851
2023-11-27 21:00:00,5.846,5.934,5.842,5.91,23992.42
2023-11-27 22:00:00,5.913,5.994,5.88,5.971,14989.817
2023-11-27 23:00:00,5.971,6.087,5.963,6.042,21446.598
2023-11-28 00:00:00,6.044,6.1,6.018,6.068,14800.718
2023-11-28 01:00:00,6.07,6.07,5.992,6.006,8126.639
2023-11-28 02:00:00,6.006,6.008,5.944,5.993,14815.929
2023-11-28 03:00:00,5.998,6.095,5.971,6.043,17432.465
2023-11-28 04:00:00,6.049,6.1,5.932,5.941,17788.585
2023-11-28 05:00:00,5.935,5.941,5.8,5.807,26178.555
2023-11-28 06:00:00,5.807,5.92,5.785,5.867,32697.762
2023-11-28 07:00:00,5.867,5.909,5.837,5.864,79545.916
2023-11-28 08:00:00,5.86,5.948,5.858,5.909,27963.172
2023-11-28 09:00:00,5.904,5.967,5.846,5.954,143628.51
2023-11-28 10:00:00,5.95,5.974,5.918,5.96,19729.604
2023-11-28 11:00:00,5.96,6.028,5.948,6.023,18380.21
2023-11-28 12:00:00,6.027,6.027,5.948,5.951,27632.315
2023-11-28 13:00:00,5.952,6.059,5.912,6.037,37143.675
2023-11-28 14:00:00,6.045,6.219,6.041,6.182,63220.903
2023-11-28 15:00:00,6.176,6.216,6.1,6.167,34604.029
2023-11-28 16:00:00,6.17,6.294,6.168,6.26,42396.54
2023-11-28 17:00:00,6.26,6.327,6.22,6.263,41214.66
2023-11-28 18:00:00,6.271,6.286,6.11,6.144,46403.49
2023-11-28 19:00:00,6.136,6.176,6.094,6.14,31720.095
2023-11-28 20:00:00,6.147,6.23,6.144,6.206,18133.096
2023-11-28 21:00:00,6.209,6.216,6.1,6.1,11551.002
2023-11-28 22:00:00,6.101,6.11,6.017,6.031,24352.608
2023-11-28 23:00:00,6.031,6.042,5.903,5.954,44771.976
2023-11-29 00:00:00,5.954,6.0,5.909,5.996,19273.818
2023-11-29 01:00:00,5.995,6.018,5.981,5.992,26134.163
2023-11-29 02:00:00,5.989,5.993,5.942,5.986,11923.727
2023-11-29 03:00:00,5.987,6.022,5.969,6.022,8277.075
2023-11-29 04:00:00,6.022,6.04,5.954,5.996,13432.845
2023-11-29 05:00:00,5.996,6.036,5.984,6.023,15866.368
2023-11-29 06:00:00,6.022,6.094,5.93,6.054,70012.531
2023-11-29 07:00:00,6.056,6.065,6.007,6.038,18543.664
2023-11-29 08:00:00,6.03,6.105,5.996,6.099,28969.449
2023-11-29 09:00:00,6.096,6.278,6.05,6.139,128468.013
2023-11-29 10:00:00,6.135,6.21,6.077,6.106,73300.026
2023-11-29 11:00:00,6.105,6.19,6.073,6.168,25827.499
2023-11-29 12:00:00,6.168,6.322,6.159,6.237,89457.23
2023-11-29 13:00:00,6.233,6.283,6.13,6.198,63035.279
2023-11-29 14:00:00,6.198,6.31,6.117,6.119,67866.414
2023-11-29 15:00:00,6.119,6.167,6.017,6.119,53271.975
2023-11-29 16:00:00,6.126,6.169,6.041,6.054,21520.577
2023-11-29 17:00:00,6.053,6.17,6.02,6.159,19763.996
2023-11-29 18:00:00,6.159,6.181,6.112,6.176,17486.135
2023-11-29 19:00:00,6.18,6.194,6.118,6.157,16917.326
2023-11-29 20:00:00,6.162,6.163,6.05,6.063,17103.847
2023-11-29 21:00:00,6.063,6.102,6.05,6.065,18242.503
2023-11-29 22:00:00,6.075,6.143,6.051,6.13,22125.993
2023-11-29 23:00:00,6.129,6.156,6.091,6.143,5223.189
2023-11-30 00:00:00,6.151,6.181,6.11,6.116,10108.15
2023-11-30 01:00:00,6.116,6.141,6.064,6.107,7882.508
2023-11-30 02:00:00,6.105,6.147,6.07,6.138,8400.149
2023-11-30 03:00:00,6.147,6.15,6.097,6.125,8110.633
2023-11-30 04:00:00,6.127,6.199,6.127,6.16,17298.887
2023-11-30 05:00:00,6.163,6.186,6.135,6.155,11102.741
2023-11-30 06:00:00,6.155,6.203,6.138,6.191,23962.897
2023-11-30 07:00:00,6.191,6.235,6.14,6.143,23021.886
2023-11-30 08:00:00,6.158,6.177,6.087,6.138,21207.226
2023-11-30 09:00:00,6.136,6.16,6.101,6.124,11288.555
2023-11-30 10:00:00,6.131,6.155,6.1,6.118,14688.483
2023-11-30 11:00:00,6.117,6.2,6.101,6.179,15121.4
2023-11-30 12:00:00,6.184,6.2,6.15,6.179,13741.714
2023-11-30 13:00:00,6.181,6.27,6.15,6.16,47462.636
2023-11-30 14:00:00,6.167,6.182,6.11,6.115,36988.329
2023-11-30 19:00:00,6.121,6.135,6.09,6.11,20001.897
2023-11-30 20:00:00,6.11,6.172,6.074,6.139,16821.089
2023-11-30 21:00:00,6.139,6.187,6.129,6.177,17016.351
2023-11-30 22:00:00,6.181,6.2,6.134,6.134,18009.983
2023-11-30 23:00:00,6.136,6.16,6.107,6.147,5839.869
2023-12-01 00:00:00,6.15,6.15,6.093,6.119,8176.946
2023-12-01 01:00:00,6.117,6.2,6.106,6.17,13271.665
2023-12-01 02:00:00,6.17,6.28,6.162,6.245,19457.066
2023-12-01 03:00:00,6.258,6.295,6.232,6.257,13955.242
2023-12-01 04:00:00,6.262,6.31,6.253,6.289,17955.281
2023-12-01 05:00:00,6.291,6.389,6.25,6.255,38886.486
2023-12-01 06:00:00,6.252,6.3,6.224,6.265,17692.441
2023-12-01 07:00:00,6.265,6.344,6.25,6.259,25611.129
2023-12-01 08:00:00,6.259,6.272,6.184,6.19,22847.59
2023-12-01 09:00:00,6.197,6.328,6.196,6.328,47249.496
2023-12-01 10:00:00,6.328,6.372,6.282,6.299,46130.673
2023-12-01 11:00:00,6.299,6.312,6.25,6.301,28679.71
2023-12-01 12:00:00,6.298,6.399,6.257,6.365,40254.629
2023-12-01 13:00:00,6.356,6.386,6.318,6.348,29988.807
2023-12-01 14:00:00,6.343,6.445,6.339,6.39,55109.65
2023-12-01 15:00:00,6.393,6.451,6.385,6.437,36164.573
2023-12-01 16:00:00,6.434,6.49,6.391,6.457,40799.624
2023-12-01 17:00:00,6.454,6.509,6.433,6.487,32707.168
2023-12-01 18:00:00,6.487,6.573,6.473,6.498,41140.125
2023-12-01 19:00:00,6.497,6.608,6.49,6.574,47234.446
2023-12-01 20:00:00,6.569,6.696,6.531,6.669,67176.309
2023-12-01 21:00:00,6.671,6.8,6.632,6.684,152211.714
2023-12-01 22:00:00,6.686,6.716,6.592,6.61,46517.517
2023-12-01 23:00:00,6.61,6.699,6.584,6.653,25908.997
2023-12-02 00:00:00,6.653,6.679,6.557,6.657,19577.558
2023-12-02 01:00:00,6.66,6.707,6.634,6.657,25604.692
2023-12-02 02:00:00,6.654,6.748,6.635,6.731,23653.978
2023-12-02 03:00:00,6.735,6.739,6.645,6.669,12759.987
2023-12-02 04:00:00,6.667,6.7,6.645,6.66,7116.306
2023-12-02 05:00:00,6.66,6.715,6.635,6.64,13500.369
2023-12-02 06:00:00,6.646,6.661,6.577,6.591,22023.554
2023-12-02 07:00:00,6.594,6.6,6.506,6.522,32878.229
2023-12-02 08:00:00,6.522,6.606,6.522,6.601,24635.78
2023-12-02 09:00:00,6.604,6.649,6.564,6.584,16667.053
2023-12-02 10:00:00,6.582,6.642,6.52,6.587,33919.439
2023-12-02 11:00:00,6.588,6.606,6.514,6.549,26613.89
2023-12-02 12:00:00,6.552,6.579,6.521,6.534,19500.102
2023-12-02 13:00:00,6.533,6.568,6.514,6.526,12512.168
2023-12-02 14:00:00,6.532,6.562,6.46,6.462,36873.02
2023-12-02 15:00:00,6.467,6.535,6.422,6.525,40406.587
2023-12-02 16:00:00,6.523,6.53,6.453,6.462,9562.1
2023-12-02 17:00:00,6.465,6.5,6.45,6.497,11237.339
2023-12-02 18:00:00,6.498,6.539,6.485,6.536,18767.165
2023-12-02 19:00:00,6.533,6.64,6.532,6.587,52606.19
2023-12-02 20:00:00,6.588,6.779,6.565,6.757,67496.078
2023-12-02 21:00:00,6.765,6.884,6.73,6.873,95526.055
2023-12-02 22:00:00,6.873,6.9,6.706,6.763,64441.634
2023-12-02 23:00:00,6.762,6.805,6.748,6.754,19306.459
2023-12-03 00:00:00,6.754,6.764,6.7,6.752,13702.492
2023-12-03 01:00:00,6.751,6.891,6.72,6.846,33433.254
2023-12-03 02:00:00,6.851,6.865,6.787,6.813,11790.985
2023-12-03 03:00:00,6.812,6.826,6.643,6.662,28087.787
2023-12-03 04:00:00,6.668,6.683,6.598,6.606,28001.415
2023-12-03 05:00:00,6.606,6.702,6.589,6.696,16291.89
2023-12-03 06:00:00,6.69,6.709,6.616,6.616,16666.337
2023-12-03 07:00:00,6.624,6.75,6.612,6.696,17193.852
2023-12-03 08:00:00,6.704,6.722,6.636,6.642,15165.24
2023-12-03 09:00:00,6.643,6.72,6.633,6.666,20106.986
2023-12-03 10:00:00,6.663,6.69,6.625,6.679,14751.822
2023-12-03 11:00:00,6.676,6.685,6.585,6.639,33911.626
2023-12-03 12:00:00,6.639,6.643,6.546,6.552,13507.463
2023-12-03 13:00:00,6.546,6.611,6.536,6.565,32223.998
2023-12-03 14:00:00,6.562,6.596,6.488,6.528,33795.64
2023-12-03 15:00:00,6.528,6.561,6.509,6.531,32641.905
2023-12-03 16:00:00,6.532,6.613,6.531,6.581,28000.753
2023-12-03 17:00:00,6.58,6.594,6.519,6.534,16119.981
2023-12-03 18:00:00,6.535,6.844,6.516,6.756,91850.011
2023-12-03 19:00:00,6.751,7.276,6.743,7.133,392454.88
2023-12-03 20:00:00,7.133,7.206,7.011,7.121,114824.142
2023-12-03 21:00:00,7.114,7.348,7.101,7.255,144123.139
2023-12-03 22:00:00,7.256,7.4,7.092,7.262,160136.165
2023-12-03 23:00:00,7.261,7.4,7.046,7.088,114555.17
2023-12-04 00:00:00,7.088,7.237,7.088,7.194,42287.014
2023-12-04 01:00:00,7.186,7.25,7.184,7.239,29571.861
2023-12-04 02:00:00,7.247,7.375,7.18,7.366,91059.012
2023-12-04 03:00:00,7.361,7.414,7.234,7.313,60111.56
2023-12-04 04:00:00,7.32,7.373,7.233,7.329,46816.882
2023-12-04 05:00:00,7.329,7.338,7.241,7.325,50852.099
2023-12-04 06:00:00,7.331,7.365,7.264,7.353,51870.556
2023-12-04 07:00:00,7.354,7.56,7.351,7.405,98387.313
2023-12-04 08:00:00,7.419,7.499,7.403,7.47,43120.0
2023-12-04 09:00:00,7.455,7.703,7.333,7.335,144168.381
2023-12-04 10:00:00,7.347,7.618,7.34,7.448,88962.119
2023-12-04 11:00:00,7.449,7.521,6.45,7.194,530503.306
2023-12-04 12:00:00,7.19,7.358,6.981,7.108,165627.671
2023-12-04 13:00:00,7.11,7.249,7.031,7.06,74046.078
2023-12-04 14:00:00,7.06,7.144,6.865,6.955,191742.218
2023-12-04 15:00:00,6.959,7.067,6.775,6.849,90770.146
2023-12-04 16:00:00,6.849,7.641,6.84,7.497,219934.109
2023-12-04 17:00:00,7.494,7.585,7.29,7.456,151287.668
2023-12-04 18:00:00,7.456,7.673,7.416,7.613,183347.12
2023-12-04 19:00:00,7.612,7.86,7.5,7.572,258621.367
2023-12-04 20:00:00,7.574,7.649,7.38,7.48,156018.524
2023-12-04 21:00:00,7.48,7.784,7.474,7.776,71148.753
2023-12-04 22:00:00,7.762,7.776,7.484,7.606,112579.94
2023-12-04 23:00:00,7.591,7.772,7.521,7.613,86537.508
2023-12-05 00:00:00,7.613,7.719,7.576,7.635,51906.663
2023-12-05 01:00:00,7.635,7.644,7.469,7.516,29945.237
2023-12-05 02:00:00,7.516,7.61,7.463,7.61,25227.148
2023-12-05 03:00:00,7.598,7.75,7.593,7.679,40998.766
2023-12-05 04:00:00,7.677,7.765,7.634,7.656,22871.476
2023-12-05 05:00:00,7.656,7.787,7.656,7.71,34324.895
2023-12-05 06:00:00,7.712,7.785,7.544,7.563,43795.492
2023-12-05 07:00:00,7.563,7.566,7.3,7.345,119356.414
2023-12-05 08:00:00,7.344,7.508,7.169,7.322,91652.264
2023-12-05 09:00:00,7.323,7.51,7.313,7.472,55065.096
2023-12-05 10:00:00,7.474,7.476,7.275,7.275,51240.467
2023-12-05 11:00:00,7.28,7.339,7.205,7.265,85100.398
2023-12-05 12:00:00,7.271,7.323,7.236,7.281,28603.135
2023-12-05 13:00:00,7.28,7.374,7.172,7.295,58496.366
2023-12-05 14:00:00,7.289,7.36,7.262,7.33,28619.364
2023-12-05 15:00:00,7.332,7.382,7.205,7.334,62993.322
2023-12-05 16:00:00,7.334,7.419,7.123,7.299,93725.757
2023-12-05 17:00:00,7.298,7.615,7.287,7.521,101578.293
2023-12-05 18:00:00,7.533,7.579,7.163,7.339,359702.876
2023-12-05 19:00:00,7.341,7.389,7.248,7.279,59815.571
2023-12-05 20:00:00,7.293,7.374,7.259,7.365,23288.844
2023-12-05 21:00:00,7.365,7.371,6.95,6.992,286407.351
2023-12-05 22:00:00,6.993,7.255,6.935,7.169,193114.962
2023-12-05 23:00:00,7.169,7.3,7.099,7.256,76829.833
2023-12-06 00:00:00,7.256,7.334,7.201,7.321,33867.121
2023-12-06 01:00:00,7.311,7.47,7.263,7.394,78057.574
2023-12-06 02:00:00,7.395,7.4,7.279,7.38,33666.701
2023-12-06 03:00:00,7.358,7.376,7.293,7.34,19066.737
2023-12-06 04:00:00,7.341,7.405,7.332,7.396,28313.092
2023-12-06 05:00:00,7.403,7.444,7.146,7.202,49326.362
2023-12-06 06:00:00,7.202,7.204,6.914,7.02,157273.344
2023-12-06 07:00:00,7.023,7.163,6.953,7.033,126481.889
2023-12-06 08:00:00,7.036,7.099,6.9,6.977,125290.146
2023-12-06 09:00:00,6.978,7.08,6.978,7.019,61069.288
2023-12-06 10:00:00,7.022,7.08,6.95,7.009,62006.695
2023-12-06 11:00:00,7.006,7.045,6.825,7.0,79569.904
2023-12-06 12:00:00,6.991,7.05,6.93,7.026,59342.532
2023-12-06 13:00:00,7.026,7.253,6.852,6.945,230165.904
2023-12-06 14:00:00,6.938,7.05,6.88,6.957,73012.658
2023-12-06 15:00:00,6.948,7.004,6.895,6.956,76341.234
2023-12-06 16:00:00,6.956,6.974,6.886,6.919,79772.712
2023-12-06 17:00:00,6.919,7.059,6.873,6.979,98848.609
2023-12-06 18:00:00,6.979,7.157,6.95,7.017,93736.899
2023-12-06 19:00:00,7.017,7.054,6.944,6.999,52002.463
2023-12-06 20:00:00,6.999,7.02,6.921,6.921,27416.429
2023-12-06 21:00:00,6.926,7.002,6.853,6.903,64505.192
2023-12-06 22:00:00,6.903,6.951,6.822,6.867,26729.473
2023-12-06 23:00:00,6.87,6.88,6.689,6.708,73878.015
2023-12-07 00:00:00,6.708,6.779,6.67,6.742,43462.186
2023-12-07 01:00:00,6.741,6.775,6.714,6.756,17180.486
2023-12-07 02:00:00,6.756,6.776,6.737,6.762,7689.377
2023-12-07 03:00:00,6.762,6.773,6.704,6.73,33485.091
2023-12-07 04:00:00,6.729,6.95,6.724,6.897,47010.034
2023-12-07 05:00:00,6.897,7.0,6.87,6.97,30521.652
2023-12-07 06:00:00,6.97,7.13,6.961,7.046,37891.607
2023-12-07 07:00:00,7.038,7.073,6.899,6.915,34835.779
2023-12-07 08:00:00,6.915,6.938,6.7,6.739,68708.433
2023-12-07 09:00:00,6.739,6.823,6.62,6.742,74849.413
2023-12-07 10:00:00,6.742,6.825,6.705,6.765,46918.789
2023-12-07 11:00:00,6.757,6.824,6.722,6.741,20558.82
2023-12-07 12:00:00,6.741,6.854,6.72,6.812,24871.239
2023-12-07 13:00:00,6.813,6.818,6.712,6.771,16832.873
2023-12-07 14:00:00,6.77,6.832,6.729,6.821,25333.526
2023-12-07 15:00:00,6.815,6.979,6.626,6.746,295967.447
2023-12-07 16:00:00,6.741,6.865,6.682,6.844,56641.422
2023-12-07 17:00:00,6.846,6.977,6.503,6.735,482433.097
2023-12-07 18:00:00,6.736,6.751,6.547,6.65,123884.848
2023-12-07 19:00:00,6.65,6.728,6.62,6.66,46195.643
2023-12-07 20:00:00,6.661,6.696,6.655,6.689,27590.683
2023-12-07 21:00:00,6.68,6.8,6.677,6.8,40949.222
2023-12-07 22:00:00,6.799,6.859,6.758,6.771,30155.318
2023-12-07 23:00:00,6.771,6.875,6.766,6.81,35396.699
2023-12-08 00:00:00,6.812,6.908,6.804,6.898,18811.779
2023-12-08 01:00:00,6.904,6.907,6.814,6.867,20953.916
2023-12-08 02:00:00,6.866,6.897,6.738,6.795,37203.685
2023-12-08 03:00:00,6.796,6.9,6.777,6.892,21379.099
2023-12-08 04:00:00,6.889,7.013,6.835,7.011,50865.998
2023-12-08 05:00:00,7.005,7.058,6.937,6.964,57420.743
2023-12-08 06:00:00,6.969,7.028,6.675,6.712,107505.3
2023-12-08 07:00:00,6.712,6.819,6.712,6.739,45499.523
2023-12-08 08:00:00,6.736,6.805,6.621,6.734,55868.935
2023-12-08 09:00:00,6.726,6.86,6.612,6.775,84792.371
2023-12-08 10:00:00,6.777,6.842,6.772,6.796,24008.953
2023-12-08 11:00:00,6.796,6.951,6.784,6.91,68832.051
2023-12-08 12:00:00,6.907,6.965,6.871,6.912,35466.198
2023-12-08 13:00:00,6.908,6.946,6.72,6.866,99735.741
2023-12-08 14:00:00,6.866,6.94,6.83,6.908,43377.687
2023-12-08 15:00:00,6.91,6.956,6.21,6.65,646892.786
2023-12-08 16:00:00,6.654,6.735,6.556,6.701,108140.163
2023-12-08 17:00:00,6.701,6.703,6.627,6.688,44883.315
2023-12-08 18:00:00,6.688,6.702,6.598,6.636,38246.832
2023-12-08 19:00:00,6.626,6.633,6.547,6.581,60767.345
2023-12-08 20:00:00,6.576,6.744,6.567,6.731,76116.177
2023-12-08 21:00:00,6.729,6.746,6.627,6.672,51250.701
2023-12-08 22:00:00,6.674,6.78,6.635,6.694,96684.973
2023-12-08 23:00:00,6.693,6.799,6.692,6.752,43056.292
2023-12-09 00:00:00,6.756,7.25,6.744,7.22,222039.599
2023-12-09 01:00:00,7.22,7.33,7.063,7.208,198444.844
2023-12-09 02:00:00,7.213,7.275,7.057,7.189,38840.489
2023-12-09 03:00:00,7.181,7.193,7.086,7.116,41284.47
2023-12-09 04:00:00,7.121,7.151,7.105,7.124,21598.823
2023-12-09 05:00:00,7.124,7.213,7.101,7.203,60038.264
2023-12-09 06:00:00,7.209,7.21,7.1,7.105,49724.695
2023-12-09 07:00:00,7.109,7.349,7.077,7.163,88688.581
2023-12-09 08:00:00,7.163,7.245,6.974,7.034,108916.636
2023-12-09 09:00:00,7.04,7.261,7.016,7.092,111294.449
2023-12-09 10:00:00,7.098,7.191,7.083,7.13,38795.352
2023-12-09 11:00:00,7.134,7.16,7.09,7.152,27640.659
2023-12-09 12:00:00,7.158,7.16,7.095,7.11,22552.411
2023-12-09 13:00:00,7.11,7.123,7.05,7.069,36190.789
2023-12-09 14:00:00,7.063,7.11,6.962,6.999,64387.755
2023-12-09 15:00:00,6.999,7.0,6.9,6.926,76577.519
2023-12-09 16:00:00,6.924,7.008,6.845,6.912,60303.538
2023-12-09 17:00:00,6.907,6.923,6.838,6.84,28397.073
2023-12-09 18:00:00,6.837,6.928,6.837,6.867,35018.605
2023-12-09 19:00:00,6.862,6.983,6.854,6.952,23324.022
2023-12-09 20:00:00,6.952,6.99,6.885,6.891,26158.918
2023-12-09 21:00:00,6.894,6.97,6.87,6.949,27832.39
2023-12-09 22:00:00,6.955,7.0,6.896,6.906,17533.018
2023-12-09 23:00:00,6.905,6.938,6.69,6.731,68650.517
2023-12-10 00:00:00,6.731,6.845,6.731,6.83,16174.041
2023-12-10 01:00:00,6.832,6.856,6.798,6.847,10542.83
2023-12-10 02:00:00,6.844,6.85,6.666,6.736,34231.421
2023-12-10 03:00:00,6.741,6.835,6.741,6.828,12755.313
2023-12-10 04:00:00,6.822,6.839,6.788,6.828,10380.334
2023-12-10 05:00:00,6.826,6.863,6.811,6.859,11447.017
2023-12-10 06:00:00,6.859,6.859,6.67,6.696,50719.261
2023-12-10 07:00:00,6.705,6.816,6.673,6.807,39886.786
2023-12-10 08:00:00,6.807,7.06,6.705,6.796,180144.538
2023-12-10 09:00:00,6.78,6.84,6.669,6.669,30670.286
2023-12-10 10:00:00,6.669,6.742,6.561,6.679,89565.049
2023-12-10 11:00:00,6.685,6.717,6.651,6.679,22640.348
2023-12-10 12:00:00,6.685,6.885,6.634,6.819,71896.109
2023-12-10 13:00:00,6.823,6.899,6.775,6.868,44669.57
2023-12-10 14:00:00,6.866,6.901,6.774,6.826,32461.327
2023-12-10 15:00:00,6.827,6.89,6.746,6.846,32756.587
2023-12-10 16:00:00,6.851,6.871,6.765,6.827,44820.389
2023-12-10 17:00:00,6.827,6.84,6.748,6.769,11829.766
2023-12-10 18:00:00,6.767,6.919,6.766,6.87,20570.258
2023-12-10 19:00:00,6.869,6.937,6.849,6.91,28551.547
2023-12-10 20:00:00,6.91,7.339,6.91,7.294,243094.37
2023-12-10 21:00:00,7.293,7.349,7.064,7.107,187671.348
2023-12-10 22:00:00,7.115,7.264,7.073,7.168,79075.693
2023-12-10 23:00:00,7.168,7.298,7.086,7.22,80571.672
2023-12-11 00:00:00,7.222,7.232,7.04,7.053,43830.506
2023-12-11 01:00:00,7.046,7.054,6.95,7.038,61494.817
2023-12-11 02:00:00,7.037,7.05,6.603,6.788,190051.109
2023-12-11 03:00:00,6.788,6.9,6.737,6.88,55579.136
2023-12-11 04:00:00,6.884,6.94,6.773,6.87,45331.339
2023-12-11 05:00:00,6.867,6.951,6.806,6.899,48589.12
2023-12-11 06:00:00,6.908,6.943,6.7,6.772,51934.548
2023-12-11 07:00:00,6.774,6.86,6.75,6.778,51438.9
2023-12-11 08:00:00,6.778,6.823,6.71,6.805,51544.173
2023-12-11 09:00:00,6.799,6.865,6.776,6.847,41193.531
2023-12-11 10:00:00,6.847,6.877,6.765,6.843,33299.916
2023-12-11 11:00:00,6.837,7.034,6.832,6.999,95385.054
2023-12-11 12:00:00,6.998,7.053,6.906,6.923,56867.766
2023-12-11 13:00:00,6.92,6.983,6.756,6.789,57610.677
2023-12-11 14:00:00,6.794,6.858,6.699,6.713,78621.342
2023-12-11 15:00:00,6.722,6.801,6.6,6.714,86450.158
2023-12-11 16:00:00,6.72,6.73,6.564,6.72,95930.446
2023-12-11 17:00:00,6.722,6.723,6.587,6.587,46534.432
2023-12-11 18:00:00,6.586,6.612,6.3,6.492,231193.715
2023-12-11 19:00:00,6.486,6.56,6.314,6.52,77898.972
2023-12-11 20:00:00,6.52,6.52,6.426,6.511,26206.531
2023-12-11 21:00:00,6.512,6.598,6.503,6.598,23031.203
2023-12-11 22:00:00,6.588,6.635,6.549,6.576,44741.875
2023-12-11 23:00:00,6.574,6.615,6.56,6.585,15230.469
2023-12-12 00:00:00,6.586,6.702,6.53,6.681,39876.51
2023-12-12 01:00:00,6.686,6.741,6.66,6.665,21904.284
2023-12-12 02:00:00,6.665,6.795,6.659,6.784,31072.806
2023-12-12 03:00:00,6.776,6.8,6.622,6.625,60616.341
2023-12-12 04:00:00,6.625,6.712,6.57,6.596,44025.618
2023-12-12 05:00:00,6.596,6.764,6.587,6.691,36143.982
2023-12-12 06:00:00,6.686,6.706,6.57,6.682,42839.819
2023-12-12 07:00:00,6.682,6.79,6.664,6.779,45626.594
2023-12-12 08:00:00,6.779,6.799,6.707,6.744,26248.386
2023-12-12 09:00:00,6.746,6.765,6.681,6.688,33743.651
2023-12-12 10:00:00,6.682,6.742,6.621,6.676,68116.835
2023-12-12 11:00:00,6.68,6.712,6.622,6.631,26539.966
2023-12-12 12:00:00,6.631,6.67,6.6,6.664,31449.801
2023-12-12 13:00:00,6.664,6.707,6.579,6.646,56814.663
2023-12-12 14:00:00,6.646,6.676,6.563,6.589,35662.125
2023-12-12 15:00:00,6.599,6.618,6.452,6.479,51674.754
2023-12-12 16:00:00,6.479,6.55,6.381,6.419,72239.795
2023-12-12 17:00:00,6.43,6.441,6.322,6.341,66018.858
2023-12-12 18:00:00,6.343,6.529,6.334,6.485,55452.192
2023-12-12 19:00:00,6.485,6.492,6.415,6.435,20652.423
2023-12-12 20:00:00,6.446,6.467,6.376,6.426,35979.662
2023-12-12 21:00:00,6.431,6.493,6.393,6.393,26334.306
2023-12-12 22:00:00,6.393,6.472,6.35,6.463,38340.955
2023-12-12 23:00:00,6.455,6.575,6.445,6.515,38139.097
2023-12-13 00:00:00,6.519,6.537,6.445,6.477,16734.143
2023-12-13 01:00:00,6.467,6.47,6.33,6.332,24480.662
2023-12-13 02:00:00,6.335,6.358,6.053,6.151,145851.325
2023-12-13 03:00:00,6.151,6.191,6.123,6.139,24953.767
2023-12-13 04:00:00,6.133,6.172,6.06,6.16,28215.769
2023-12-13 05:00:00,6.169,6.193,6.109,6.182,35187.845
2023-12-13 06:00:00,6.182,6.25,6.104,6.112,42220.407
2023-12-13 07:00:00,6.117,6.245,6.091,6.209,29609.088
2023-12-13 08:00:00,6.214,6.24,6.192,6.212,28219.629
2023-12-13 09:00:00,6.212,6.356,6.137,6.35,95869.122
2023-12-13 10:00:00,6.355,6.356,6.135,6.212,47018.6
2023-12-13 11:00:00,6.216,6.221,6.091,6.111,35502.156
2023-12-13 12:00:00,6.107,6.146,6.09,6.115,20617.317
2023-12-13 13:00:00,6.122,6.295,6.1,6.243,44244.089
2023-12-13 14:00:00,6.247,6.25,6.108,6.17,58448.42
2023-12-13 15:00:00,6.174,6.333,6.174,6.245,57297.235
2023-12-13 16:00:00,6.245,6.338,6.229,6.244,50478.089
2023-12-13 17:00:00,6.244,6.553,6.236,6.363,135353.163
2023-12-13 18:00:00,6.362,6.495,6.329,6.435,46028.507
2023-12-13 19:00:00,6.438,6.689,6.438,6.638,96689.079
2023-12-13 20:00:00,6.638,6.709,6.6,6.701,126750.031
2023-12-13 21:00:00,6.687,6.901,6.668,6.811,182545.528
2023-12-13 22:00:00,6.818,6.9,6.704,6.738,165181.715
2023-12-13 23:00:00,6.738,6.792,6.7,6.727,39841.576
2023-12-14 00:00:00,6.732,6.769,6.611,6.71,82121.658
2023-12-14 01:00:00,6.71,6.833,6.705,6.73,35868.024
2023-12-14 02:00:00,6.73,6.792,6.69,6.736,42016.938
2023-12-14 03:00:00,6.736,6.75,6.498,6.574,93139.924
2023-12-14 04:00:00,6.568,6.608,6.531,6.547,21839.727
2023-12-14 05:00:00,6.542,6.617,6.539,6.6,14998.132
2023-12-14 06:00:00,6.598,6.721,6.59,6.64,46797.481
2023-12-14 07:00:00,6.641,6.661,6.606,6.631,19807.238
2023-12-14 08:00:00,6.625,6.764,6.613,6.641,27951.62
2023-12-14 09:00:00,6.649,6.737,6.599,6.662,40820.184
2023-12-14 10:00:00,6.666,6.772,6.641,6.74,33355.52
2023-12-14 11:00:00,6.74,6.747,6.66,6.718,52965.546
2023-12-14 12:00:00,6.717,6.755,6.681,6.705,43654.085
2023-12-14 13:00:00,6.716,6.749,6.448,6.64,170979.424
2023-12-14 14:00:00,6.641,6.644,6.518,6.547,49689.175
2023-12-14 15:00:00,6.553,6.613,6.5,6.516,48576.759
2023-12-14 16:00:00,6.516,6.59,6.511,6.548,32378.19
2023-12-14 17:00:00,6.548,6.648,6.546,6.576,66700.073
2023-12-14 18:00:00,6.576,6.625,6.522,6.534,52067.209
2023-12-14 19:00:00,6.534,6.589,6.415,6.519,87405.557
2023-12-14 20:00:00,6.513,6.52,6.411,6.445,34430.507
2023-12-14 21:00:00,6.449,6.563,6.438,6.552,29401.736
2023-12-14 22:00:00,6.549,6.649,6.541,6.615,61785.09
2023-12-14 23:00:00,6.614,6.682,6.55,6.572,32561.429
2023-12-15 00:00:00,6.575,6.597,6.515,6.519,27869.626
2023-12-15 01:00:00,6.519,6.579,6.504,6.551,25233.849
2023-12-15 02:00:00,6.551,6.566,6.425,6.447,43592.225
2023-12-15 03:00:00,6.446,6.511,6.446,6.487,16793.599
2023-12-15 04:00:00,6.482,6.505,6.421,6.454,17598.75
2023-12-15 05:00:00,6.446,6.483,6.366,6.38,26640.812
2023-12-15 06:00:00,6.379,6.412,6.368,6.379,13072.254
2023-12-15 07:00:00,6.381,6.419,6.36,6.36,23013.315
2023-12-15 08:00:00,6.361,6.395,6.333,6.387,19738.124
2023-12-15 09:00:00,6.386,6.42,6.363,6.388,23124.323
2023-12-15 10:00:00,6.387,6.447,6.372,6.414,16245.689
2023-12-15 11:00:00,6.414,6.54,6.391,6.42,42523.525
2023-12-15 12:00:00,6.421,6.424,6.35,6.359,19169.909
2023-12-15 13:00:00,6.352,6.359,6.251,6.27,53705.302
2023-12-15 14:00:00,6.27,6.31,6.203,6.28,60948.133
2023-12-15 15:00:00,6.278,6.294,6.158,6.216,63423.163
2023-12-15 16:00:00,6.22,6.287,6.2,6.262,23737.705
2023-12-15 17:00:00,6.262,6.28,6.195,6.208,32140.795
2023-12-15 18:00:00,6.207,6.289,6.192,6.273,24416.724
2023-12-15 19:00:00,6.274,6.333,6.183,6.217,58369.49
2023-12-15 20:00:00,6.217,6.29,6.209,6.279,29110.756
2023-12-15 21:00:00,6.277,6.298,6.24,6.255,20016.801
2023-12-15 22:00:00,6.262,6.277,6.18,6.188,32607.125
2023-12-15 23:00:00,6.188,6.197,6.096,6.099,61619.565
2023-12-16 00:00:00,6.102,6.151,6.0,6.067,64374.252
2023-12-16 01:00:00,6.067,6.202,6.05,6.182,27903.477
2023-12-16 02:00:00,6.177,6.25,6.172,6.246,21556.881
2023-12-16 03:00:00,6.248,6.324,6.24,6.303,27810.872
2023-12-16 04:00:00,6.302,6.33,6.272,6.327,15512.083
2023-12-16 05:00:00,6.327,6.339,6.297,6.311,13212.691
2023-12-16 06:00:00,6.301,6.33,6.265,6.307,15798.44
2023-12-16 07:00:00,6.306,6.346,6.281,6.335,16445.566
2023-12-16 08:00:00,6.336,6.345,6.27,6.296,20754.397
2023-12-16 09:00:00,6.299,6.364,6.299,6.355,22988.902
2023-12-16 10:00:00,6.359,6.368,6.312,6.338,18249.489
2023-12-16 11:00:00,6.344,6.453,6.326,6.428,42340.154
2023-12-16 12:00:00,6.428,6.471,6.409,6.464,32019.928
2023-12-16 13:00:00,6.464,6.486,6.384,6.426,31468.89
2023-12-16 14:00:00,6.43,6.43,6.364,6.42,25376.795
2023-12-16 15:00:00,6.425,6.84,6.389,6.83,359843.929
2023-12-16 16:00:00,6.83,6.89,6.7,6.747,197745.762
2023-12-16 17:00:00,6.749,7.142,6.734,7.062,293322.215
2023-12-16 18:00:00,7.058,7.15,6.79,6.854,188240.163
2023-12-16 19:00:00,6.857,7.1,6.72,6.739,202312.373
2023-12-16 20:00:00,6.736,6.845,6.652,6.69,63596.754
2023-12-16 21:00:00,6.693,6.721,6.493,6.658,103319.935
2023-12-16 22:00:00,6.663,6.669,6.53,6.611,35844.764
2023-12-16 23:00:00,6.611,6.69,6.582,6.681,29303.492
2023-12-17 00:00:00,6.679,6.722,6.626,6.694,30718.921
2023-12-17 01:00:00,6.688,6.76,6.601,6.653,37885.131
2023-12-17 02:00:00,6.653,6.726,6.617,6.639,25288.467
2023-12-17 03:00:00,6.641,6.672,6.554,6.57,15365.682
2023-12-17 04:00:00,6.57,6.601,6.555,6.576,12286.745
2023-12-17 05:00:00,6.577,6.6,6.45,6.487,32904.644
2023-12-17 06:00:00,6.483,6.531,6.4,6.495,50339.545
2023-12-17 07:00:00,6.502,6.541,6.386,6.408,27840.137
2023-12-17 08:00:00,6.407,6.491,6.365,6.481,28610.909
2023-12-17 09:00:00,6.477,6.531,6.374,6.434,59089.798
2023-12-17 10:00:00,6.434,6.447,6.375,6.393,25195.444
2023-12-17 11:00:00,6.391,6.495,6.382,6.466,31599.104
2023-12-17 12:00:00,6.467,6.484,6.39,6.442,31860.264
2023-12-17 13:00:00,6.444,6.454,6.335,6.364,45718.526
2023-12-17 14:00:00,6.362,6.404,6.235,6.253,78574.526
2023-12-17 15:00:00,6.25,6.341,6.224,6.307,43894.157
2023-12-17 16:00:00,6.305,6.378,6.245,6.361,22805.346
2023-12-17 17:00:00,6.358,6.457,6.333,6.368,52471.13
2023-12-17 18:00:00,6.365,6.422,6.303,6.402,26665.694
2023-12-17 19:00:00,6.402,6.539,6.357,6.426,83350.313
2023-12-17 20:00:00,6.421,6.448,6.343,6.362,46281.119
2023-12-17 21:00:00,6.355,6.381,6.3,6.333,20867.338
2023-12-17 22:00:00,6.333,6.349,6.259,6.295,27564.117
2023-12-17 23:00:00,6.298,6.343,6.22,6.243,32462.339
2023-12-18 00:00:00,6.234,6.255,6.2,6.2,31079.526
2023-12-18 01:00:00,6.207,6.265,6.11,6.11,44696.512
2023-12-18 02:00:00,6.11,6.143,6.02,6.051,47968.259
2023-12-18 03:00:00,6.044,6.161,6.044,6.151,12907.284
2023-12-18 04:00:00,6.159,6.186,6.144,6.165,9363.336
2023-12-18 05:00:00,6.165,6.171,6.072,6.077,22841.342
2023-12-18 06:00:00,6.071,6.177,6.055,6.152,73661.866
2023-12-18 07:00:00,6.152,6.171,6.05,6.069,106143.83
2023-12-18 08:00:00,6.07,6.119,6.01,6.067,45340.564
2023-12-18 09:00:00,6.07,6.085,5.901,5.992,113240.452
2023-12-18 10:00:00,5.989,5.998,5.862,5.905,85913.028
2023-12-18 11:00:00,5.908,6.052,5.901,6.032,55321.858
2023-12-18 12:00:00,6.032,6.069,5.992,5.993,64084.644
2023-12-18 13:00:00,5.99,6.185,5.968,6.171,61294.977
2023-12-18 14:00:00,6.171,6.244,6.165,6.224,79014.88
2023-12-18 15:00:00,6.23,6.264,6.152,6.157,37046.803
2023-12-18 16:00:00,6.162,6.227,6.135,6.144,43556.269
2023-12-18 17:00:00,6.146,6.192,6.1,6.158,59916.36
2023-12-18 18:00:00,6.152,6.155,6.09,6.103,23554.013
2023-12-18 19:00:00,6.114,6.196,6.104,6.123,122224.882
2023-12-18 20:00:00,6.122,6.177,6.055,6.163,24173.05
2023-12-18 21:00:00,6.163,6.283,6.163,6.265,39162.867
2023-12-18 22:00:00,6.272,6.346,6.223,6.269,31171.737
2023-12-18 23:00:00,6.273,6.393,6.273,6.388,25639.584
2023-12-19 00:00:00,6.391,6.397,6.312,6.343,18723.857
2023-12-19 01:00:00,6.343,6.52,6.289,6.496,45405.215
2023-12-19 02:00:00,6.488,6.526,6.405,6.412,62636.155
2023-12-19 03:00:00,6.405,6.405,6.298,6.32,36414.539
2023-12-19 04:00:00,6.32,6.37,6.223,6.241,47370.397
2023-12-19 05:00:00,6.241,6.26,6.226,6.259,15078.673
2023-12-19 06:00:00,6.259,6.259,6.199,6.224,16372.837
2023-12-19 07:00:00,6.229,6.338,6.216,6.308,44904.63
2023-12-19 08:00:00,6.314,6.378,6.28,6.292,45743.311
2023-12-19 09:00:00,6.293,6.337,6.234,6.283,34273.556
2023-12-19 10:00:00,6.28,6.352,6.202,6.317,66823.398
2023-12-19 11:00:00,6.317,6.35,6.271,6.309,26749.711
2023-12-19 12:00:00,6.308,6.359,6.22,6.231,49343.646
2023-12-19 13:00:00,6.232,6.316,6.22,6.226,28175.201
2023-12-19 14:00:00,6.226,6.245,6.106,6.155,68111.103
2023-12-19 15:00:00,6.164,6.246,6.142,6.193,20556.257
2023-12-19 16:00:00,6.189,6.23,6.156,6.172,23359.925
2023-12-19 17:00:00,6.171,6.18,6.07,6.083,35699.774
2023-12-19 18:00:00,6.083,6.132,6.047,6.107,51068.209
2023-12-19 19:00:00,6.106,6.14,6.046,6.101,33900.706
2023-12-19 20:00:00,6.09,6.126,6.028,6.052,21806.653
2023-12-19 21:00:00,6.058,6.16,6.04,6.15,38248.344
2023-12-19 22:00:00,6.143,6.143,6.05,6.082,12144.864
2023-12-19 23:00:00,6.084,6.113,6.052,6.088,11857.496
2023-12-20 00:00:00,6.09,6.187,6.076,6.183,22525.762
2023-12-20 01:00:00,6.183,6.21,6.083,6.114,35108.224
2023-12-20 02:00:00,6.117,6.145,6.063,6.119,9947.029
2023-12-20 03:00:00,6.119,6.156,6.114,6.152,7765.25
2023-12-20 04:00:00,6.139,6.224,6.114,6.218,21204.673
2023-12-20 05:00:00,6.218,6.234,6.153,6.196,13957.667
2023-12-20 06:00:00,6.206,6.266,6.167,6.225,34794.305
2023-12-20 07:00:00,6.232,6.247,6.15,6.241,27758.367
2023-12-20 08:00:00,6.24,6.264,6.186,6.2,22614.999
2023-12-20 09:00:00,6.194,6.249,6.193,6.241,17535.343
2023-12-20 10:00:00,6.241,6.264,6.18,6.232,43211.446
2023-12-20 11:00:00,6.232,6.295,6.211,6.262,24595.768
2023-12-20 12:00:00,6.253,6.289,6.223,6.277,24122.049
2023-12-20 13:00:00,6.28,6.447,6.263,6.369,101765.521
2023-12-20 14:00:00,6.367,6.431,6.303,6.304,68134.549
2023-12-20 15:00:00,6.304,6.384,6.3,6.319,30515.829
2023-12-20 16:00:00,6.312,6.333,6.24,6.282,55805.951
2023-12-20 17:00:00,6.283,6.336,6.269,6.313,16745.863
2023-12-20 18:00:00,6.32,6.355,6.252,6.269,37994.018
2023-12-20 19:00:00,6.274,6.288,6.24,6.281,19360.097
2023-12-20 20:00:00,6.245,6.249,6.101,6.125,66278.479
2023-12-20 21:00:00,6.13,6.182,6.067,6.101,28130.203
2023-12-20 22:00:00,6.106,6.194,6.097,6.147,23306.117
2023-12-20 23:00:00,6.147,6.212,6.14,6.186,17133.718
2023-12-21 00:00:00,6.185,6.204,6.119,6.125,14165.363
2023-12-21 01:00:00,6.123,6.151,6.059,6.138,29103.097
2023-12-21 02:00:00,6.142,6.146,6.071,6.098,13961.52
2023-12-21 03:00:00,6.097,6.17,6.09,6.123,14596.632
2023-12-21 04:00:00,6.116,6.188,6.099,6.137,28812.892
2023-12-21 05:00:00,6.133,6.152,6.098,6.107,12743.268
2023-12-21 06:00:00,6.107,6.194,6.1,6.187,19128.971
2023-12-21 07:00:00,6.187,6.19,6.128,6.138,21563.318
2023-12-21 08:00:00,6.138,6.184,6.111,6.164,33452.06
2023-12-21 09:00:00,6.164,6.184,6.109,6.174,27009.743
2023-12-21 10:00:00,6.171,6.209,6.16,6.203,31869.315
2023-12-21 11:00:00,6.21,6.299,6.199,6.283,45635.89
2023-12-21 12:00:00,6.284,6.311,6.205,6.208,38357.955
2023-12-21 13:00:00,6.205,6.259,6.19,6.221,22189.633
2023-12-21 20:00:00,6.216,6.245,6.18,6.208,38281.078
2023-12-21 21:00:00,6.203,6.257,6.164,6.211,31921.839
2023-12-21 22:00:00,6.211,6.251,6.193,6.209,24632.882
2023-12-21 23:00:00,6.209,6.32,6.209,6.304,49490.64
2023-12-22 00:00:00,6.305,6.4,6.305,6.366,61587.946
2023-12-22 01:00:00,6.367,6.383,6.3,6.33,25645.878
2023-12-22 02:00:00,6.33,6.351,6.25,6.257,27377.581
2023-12-22 03:00:00,6.258,6.33,6.253,6.323,21726.931
2023-12-22 04:00:00,6.323,6.417,6.31,6.412,36962.17
2023-12-22 05:00:00,6.417,6.49,6.398,6.414,44511.585
2023-12-22 06:00:00,6.417,6.449,6.349,6.402,36141.383
2023-12-22 07:00:00,6.4,6.409,6.24,6.251,56717.004
2023-12-22 08:00:00,6.251,6.334,6.2,6.208,52973.78
2023-12-22 09:00:00,6.209,6.334,6.186,6.262,40623.922
2023-12-22 10:00:00,6.264,6.307,6.224,6.272,26382.177
2023-12-22 11:00:00,6.271,6.296,6.227,6.274,16576.711
2023-12-22 12:00:00,6.274,6.274,6.207,6.238,25649.924
2023-12-22 13:00:00,6.239,6.257,6.19,6.256,24030.181
2023-12-22 14:00:00,6.252,6.273,6.157,6.225,26590.603
2023-12-22 15:00:00,6.224,6.32,6.211,6.306,43274.709
2023-12-22 16:00:00,6.303,6.339,6.242,6.32,37174.819
2023-12-22 17:00:00,6.316,6.335,6.26,6.262,16901.428
2023-12-22 18:00:00,6.271,6.4,6.271,6.379,63312.657
2023-12-22 19:00:00,6.376,6.765,6.33,6.644,274704.061
2023-12-22 20:00:00,6.65,7.1,6.646,6.837,341883.291
2023-12-22 21:00:00,6.838,6.838,6.618,6.676,146256.021
2023-12-22 22:00:00,6.677,6.9,6.663,6.841,64472.996
2023-12-22 23:00:00,6.835,6.878,6.718,6.809,46157.293
2023-12-23 00:00:00,6.809,6.883,6.714,6.715,46095.054
2023-12-23 01:00:00,6.715,6.754,6.524,6.53,61562.057
2023-12-23 02:00:00,6.53,6.612,6.497,6.521,33160.326
2023-12-23 03:00:00,6.516,6.537,6.419,6.445,44990.094
2023-12-23 04:00:00,6.445,6.595,6.418,6.589,58140.319
2023-12-23 05:00:00,6.596,6.65,6.563,6.622,10040.022
2023-12-23 06:00:00,6.613,6.759,6.59,6.744,32937.499
2023-12-23 07:00:00,6.745,6.75,6.64,6.667,24543.702
2023-12-23 08:00:00,6.674,6.708,6.589,6.686,34840.573
2023-12-23 09:00:00,6.686,6.733,6.644,6.65,38148.96
2023-12-23 10:00:00,6.65,6.692,6.594,6.6,18866.839
2023-12-23 11:00:00,6.602,6.614,6.556,6.592,18204.696
2023-12-23 12:00:00,6.594,6.709,6.593,6.708,26710.703
2023-12-23 13:00:00,6.707,6.821,6.7,6.817,53299.847
2023-12-23 14:00:00,6.817,6.88,6.743,6.862,52915.581
2023-12-23 15:00:00,6.862,6.862,6.753,6.765,55377.335
2023-12-23 16:00:00,6.767,6.848,6.699,6.72,40788.152
2023-12-23 17:00:00,6.72,6.876,6.713,6.855,55945.452
2023-12-23 18:00:00,6.854,7.0,6.816,6.94,116204.31
2023-12-23 19:00:00,6.942,7.09,6.92,6.964,117260.109
2023-12-23 20:00:00,6.964,7.095,6.964,7.041,93307.91
2023-12-23 21:00:00,7.048,7.06,6.922,7.032,62742.443
2023-12-23 22:00:00,7.038,7.1,6.996,7.07,52054.456
2023-12-23 23:00:00,7.084,7.1,6.999,7.075,56961.027
2023-12-24 00:00:00,7.073,7.09,6.924,6.987,53410.365
2023-12-24 01:00:00,6.982,7.046,6.948,7.033,28583.808
2023-12-24 02:00:00,7.034,7.056,6.927,6.968,37404.547
2023-12-24 03:00:00,6.961,6.965,6.9,6.952,28323.109
2023-12-24 04:00:00,6.957,7.065,6.935,6.96,24343.776
2023-12-24 05:00:00,6.96,6.969,6.75,6.766,73123.223
2023-12-24 06:00:00,6.766,6.816,6.74,6.806,33236.01
2023-12-24 07:00:00,6.809,6.878,6.726,6.861,36769.881
2023-12-24 08:00:00,6.861,6.892,6.783,6.883,30022.385
2023-12-24 09:00:00,6.88,6.906,6.84,6.883,24412.856
2023-12-24 10:00:00,6.884,6.937,6.793,6.876,47455.283
2023-12-24 11:00:00,6.874,6.943,6.827,6.877,34117.977
2023-12-24 12:00:00,6.884,6.921,6.836,6.859,31150.832
2023-12-24 13:00:00,6.868,6.876,6.806,6.81,30603.071
2023-12-24 14:00:00,6.81,6.918,6.8,6.822,37153.142
2023-12-24 15:00:00,6.824,6.897,6.822,6.873,26399.975
2023-12-24 16:00:00,6.871,6.968,6.871,6.968,31225.47
2023-12-24 17:00:00,6.968,6.971,6.859,6.909,74991.819
2023-12-24 18:00:00,6.909,7.14,6.884,7.128,123992.862
2023-12-24 19:00:00,7.123,7.287,7.111,7.192,91514.746
2023-12-24 20:00:00,7.187,7.216,6.988,7.049,67722.114
2023-12-24 21:00:00,7.057,7.2,7.016,7.176,43038.361
2023-12-24 22:00:00,7.18,7.3,6.789,6.87,170808.249
2023-12-24 23:00:00,6.871,7.023,6.808,6.909,66290.626
2023-12-25 00:00:00,6.907,6.957,6.759,6.814,49015.986
2023-12-25 01:00:00,6.808,6.889,6.77,6.857,19240.769
2023-12-25 02:00:00,6.862,6.88,6.76,6.832,19493.891
2023-12-25 03:00:00,6.83,7.019,6.794,6.991,57655.313
2023-12-25 04:00:00,6.984,7.0,6.92,6.962,15984.283
2023-12-25 05:00:00,6.97,7.149,6.946,7.113,29978.148
2023-12-25 06:00:00,7.11,7.144,7.021,7.123,49626.869
2023-12-25 07:00:00,7.119,7.214,7.098,7.172,62647.887
2023-12-25 08:00:00,7.172,7.176,7.09,7.114,39678.209
2023-12-25 09:00:00,7.111,7.531,7.1,7.503,269298.531
2023-12-25 10:00:00,7.481,8.25,7.457,7.905,1021364.789
2023-12-25 11:00:00,7.911,8.487,7.774,8.286,543538.104
2023-12-25 12:00:00,8.279,8.559,8.048,8.401,468138.931
2023-12-25 13:00:00,8.4,8.41,8.042,8.16,215226.605
2023-12-25 14:00:00,8.153,8.346,8.153,8.256,165323.546
2023-12-25 15:00:00,8.251,8.285,7.843,8.005,224301.771
2023-12-25 16:00:00,8.005,8.246,7.863,8.132,213934.817
2023-12-25 17:00:00,8.132,8.179,7.89,7.953,121668.557
2023-12-25 18:00:00,7.945,8.85,7.928,8.637,456930.698
2023-12-25 19:00:00,8.636,8.85,8.301,8.685,452339.561
2023-12-25 20:00:00,8.684,8.815,8.27,8.481,331152.946
2023-12-25 21:00:00,8.479,8.547,8.349,8.461,73166.749
2023-12-25 22:00:00,8.46,8.75,8.423,8.54,110793.604
2023-12-25 23:00:00,8.54,8.631,8.372,8.382,101484.555
2023-12-26 00:00:00,8.385,8.561,8.322,8.354,81659.902
2023-12-26 01:00:00,8.366,8.372,8.111,8.261,113746.434
2023-12-26 02:00:00,8.263,8.385,8.256,8.373,35325.501
2023-12-26 03:00:00,8.359,8.609,8.341,8.581,65740.518
2023-12-26 04:00:00,8.577,8.584,8.168,8.279,80829.215
2023-12-26 05:00:00,8.282,8.352,7.914,7.934,121494.416
2023-12-26 06:00:00,7.934,8.072,7.801,7.874,107726.091
2023-12-26 07:00:00,7.872,8.083,7.85,8.036,53578.641
2023-12-26 08:00:00,8.033,8.086,7.706,7.781,138993.983
2023-12-26 09:00:00,7.778,7.92,7.604,7.643,108304.205
2023-12-26 10:00:00,7.643,7.9,7.615,7.859,85177.639
2023-12-26 11:00:00,7.855,8.12,7.818,7.925,132949.693
2023-12-26 12:00:00,7.918,8.083,7.856,7.969,86423.794
2023-12-26 13:00:00,7.977,7.997,7.71,7.77,111321.715
2023-12-26 14:00:00,7.771,8.07,7.71,7.926,98727.011
2023-12-26 15:00:00,7.931,7.952,7.89,7.898,15058.073
2023-12-26 16:00:00,7.796,7.95,7.773,7.863,65960.866
2023-12-26 17:00:00,7.86,7.86,7.415,7.675,203111.828
2023-12-26 18:00:00,7.674,7.8,7.553,7.73,135876.385
2023-12-26 19:00:00,7.73,8.342,7.696,8.287,225269.873
2023-12-26 20:00:00,8.271,8.42,8.053,8.407,112245.58
2023-12-26 21:00:00,8.407,8.48,8.3,8.452,110863.65
2023-12-26 22:00:00,8.454,8.48,8.307,8.325,38532.606
2023-12-26 23:00:00,8.325,8.349,8.0,8.183,73412.716
2023-12-27 00:00:00,8.181,8.326,8.177,8.253,29752.718
2023-12-27 01:00:00,8.258,8.299,8.127,8.16,22961.197
2023-12-27 02:00:00,8.169,8.189,7.864,7.894,53609.879
2023-12-27 03:00:00,7.896,7.991,7.86,7.882,23079.243
2023-12-27 04:00:00,7.882,8.078,7.877,7.993,22370.28
2023-12-27 05:00:00,7.985,8.056,7.906,8.044,45331.341
2023-12-27 06:00:00,8.043,8.169,8.022,8.053,26556.675
2023-12-27 07:00:00,8.049,8.073,7.798,7.849,68414.787
2023-12-27 08:00:00,7.857,8.154,7.83,8.078,52316.179
2023-12-27 09:00:00,8.078,8.196,8.052,8.07,34651.25
2023-12-27 10:00:00,8.072,8.48,8.021,8.412,112293.326
2023-12-27 11:00:00,8.41,9.0,8.367,8.859,387384.662
2023-12-27 12:00:00,8.854,8.891,8.587,8.711,109541.854
2023-12-27 13:00:00,8.703,8.878,8.598,8.651,144861.807
2023-12-27 14:00:00,8.664,8.759,8.531,8.632,104681.805
2023-12-27 15:00:00,8.632,8.747,8.546,8.606,107840.738
2023-12-27 16:00:00,8.606,8.666,8.408,8.418,90800.273
2023-12-27 17:00:00,8.426,8.492,8.342,8.401,79201.636
2023-12-27 18:00:00,8.417,8.449,8.283,8.413,53736.642
2023-12-27 19:00:00,8.408,8.545,8.379,8.453,35807.134
2023-12-27 20:00:00,8.454,8.474,8.28,8.295,47215.177
2023-12-27 21:00:00,8.293,8.295,8.215,8.216,43644.16
2023-12-27 22:00:00,8.216,8.389,8.203,8.281,47302.634
2023-12-27 23:00:00,8.289,8.541,8.289,8.465,32944.841
2023-12-28 00:00:00,8.465,8.494,8.318,8.34,42817.343
2023-12-28 01:00:00,8.343,8.377,8.256,8.265,25525.648
2023-12-28 02:00:00,8.269,8.406,8.182,8.205,66890.847
2023-12-28 03:00:00,8.198,8.404,8.175,8.252,38319.771
2023-12-28 04:00:00,8.236,8.371,8.216,8.256,23647.287
2023-12-28 05:00:00,8.258,8.4,8.1,8.259,60005.182
2023-12-28 06:00:00,8.262,8.55,8.131,8.131,152423.716
2023-12-28 07:00:00,8.14,8.172,8.095,8.172,25945.59
2023-12-28 08:00:00,8.172,8.242,8.132,8.132,38955.34
2023-12-28 09:00:00,8.132,8.22,8.095,8.17,63921.543
2023-12-28 10:00:00,8.167,8.272,8.1,8.143,51862.777
2023-12-28 11:00:00,8.143,8.226,8.113,8.155,18836.099
2023-12-28 12:00:00,8.162,8.196,7.976,8.0,83825.679
2023-12-28 13:00:00,8.003,8.064,7.916,7.986,55734.558
2023-12-28 14:00:00,7.994,8.007,7.832,7.924,84042.794
2023-12-28 15:00:00,7.929,8.08,7.839,7.906,49535.382
2023-12-28 16:00:00,7.914,7.915,7.801,7.804,45025.528
2023-12-28 17:00:00,7.814,7.914,7.752,7.848,61168.718
2023-12-28 18:00:00,7.837,7.864,7.746,7.795,29065.396
2023-12-28 19:00:00,7.8,7.875,7.774,7.857,25422.778
2023-12-28 20:00:00,7.857,7.87,7.7,7.701,42945.736
2023-12-28 21:00:00,7.704,7.774,7.649,7.676,43242.825
2023-12-28 22:00:00,7.676,7.79,7.62,7.749,35514.743
2023-12-28 23:00:00,7.75,7.925,7.728,7.838,24292.332
2023-12-29 00:00:00,7.837,7.849,7.6,7.623,57856.213
2023-12-29 01:00:00,7.618,7.65,7.428,7.484,52103.849
2023-12-29 02:00:00,7.476,7.682,7.463,7.667,25430.204
2023-12-29 03:00:00,7.675,7.745,7.618,7.671,27154.473
2023-12-29 04:00:00,7.671,7.737,7.65,7.714,6453.453
2023-12-29 05:00:00,7.706,7.71,7.626,7.687,11675.22
2023-12-29 06:00:00,7.692,7.821,7.659,7.776,37246.967
2023-12-29 07:00:00,7.768,7.883,7.571,7.576,38650.006
2023-12-29 08:00:00,7.577,7.74,7.577,7.719,42380.693
2023-12-29 09:00:00,7.719,7.87,7.671,7.809,40707.659
2023-12-29 10:00:00,7.796,7.9,7.774,7.889,35446.332
2023-12-29 11:00:00,7.894,8.1,7.867,7.986,51200.617
2023-12-29 12:00:00,7.978,8.019,7.782,7.807,42178.598
2023-12-29 13:00:00,7.807,8.005,7.778,7.893,56751.129
2023-12-29 14:00:00,7.883,7.928,7.776,7.927,39022.308
2023-12-29 15:00:00,7.926,7.93,7.585,7.594,57275.309
2023-12-29 16:00:00,7.594,7.607,7.362,7.363,130145.031
2023-12-29 17:00:00,7.363,7.418,7.11,7.332,192791.311
2023-12-29 18:00:00,7.33,7.62,7.259,7.528,107368.272
2023-12-29 19:00:00,7.532,7.627,7.432,7.545,35286.574
2023-12-29 20:00:00,7.547,7.649,7.385,7.423,60770.793
2023-12-29 21:00:00,7.43,7.493,7.291,7.354,48958.282
2023-12-29 22:00:00,7.355,7.412,7.215,7.399,54122.798
2023-12-29 23:00:00,7.4,7.449,7.381,7.438,12003.335
2023-12-30 00:00:00,7.438,7.481,7.407,7.458,10225.807
2023-12-30 01:00:00,7.47,7.55,7.423,7.51,13197.916
2023-12-30 02:00:00,7.511,7.551,7.373,7.378,26143.358
2023-12-30 03:00:00,7.384,7.425,7.352,7.366,10635.98
2023-12-30 04:00:00,7.366,7.456,7.357,7.445,11364.284
2023-12-30 05:00:00,7.442,7.544,7.421,7.544,16878.382
2023-12-30 06:00:00,7.538,7.542,7.43,7.463,9131.703
2023-12-30 07:00:00,7.469,7.494,6.956,7.102,287553.901
2023-12-30 08:00:00,7.102,7.191,7.009,7.015,61583.639
2023-12-30 09:00:00,7.018,7.247,7.005,7.162,81395.447
2023-12-30 10:00:00,7.158,7.275,7.101,7.263,99186.294
2023-12-30 11:00:00,7.259,7.301,7.192,7.204,29101.114
2023-12-30 12:00:00,7.203,7.298,7.127,7.2,54806.654
2023-12-30 13:00:00,7.207,7.48,7.142,7.328,246411.838
2023-12-30 14:00:00,7.336,7.494,7.332,7.479,110375.608
2023-12-30 15:00:00,7.472,7.743,7.436,7.668,68857.815
2023-12-30 16:00:00,7.666,7.811,7.52,7.785,101976.727
2023-12-30 17:00:00,7.785,7.905,7.595,7.889,98760.345
2023-12-30 18:00:00,7.892,7.933,7.742,7.802,76939.073
2023-12-30 19:00:00,7.792,7.842,7.674,7.833,54352.411
2023-12-30 20:00:00,7.833,8.066,7.821,8.039,116224.105
2023-12-30 21:00:00,8.033,8.479,7.957,8.241,356529.795
2023-12-30 22:00:00,8.23,8.287,7.996,8.175,150762.462
2023-12-30 23:00:00,8.169,8.42,8.167,8.276,103642.671
2023-12-31 00:00:00,8.274,8.293,8.095,8.118,76796.502
2023-12-31 01:00:00,8.118,8.166,8.026,8.028,66855.877
2023-12-31 02:00:00,8.027,8.081,7.904,7.953,48659.543
2023-12-31 03:00:00,7.953,8.002,7.775,7.92,68377.307
2023-12-31 04:00:00,7.919,8.066,7.846,7.975,28570.252
2023-12-31 05:00:00,7.98,8.166,7.958,7.965,111855.117
2023-12-31 06:00:00,7.967,8.2,7.93,8.164,37280.993
2023-12-31 07:00:00,8.164,8.449,8.157,8.21,105921.964
2023-12-31 08:00:00,8.21,8.212,7.975,8.051,88332.148
2023-12-31 09:00:00,8.049,8.245,8.049,8.194,43640.182
2023-12-31 10:00:00,8.201,8.7,7.9,8.632,312513.928
2023-12-31 11:00:00,8.635,8.85,8.557,8.61,295731.413
2023-12-31 12:00:00,8.614,8.87,8.438,8.45,187765.049
2023-12-31 13:00:00,8.457,8.637,8.31,8.404,169442.199
2023-12-31 14:00:00,8.405,8.585,8.266,8.52,135342.782
2023-12-31 15:00:00,8.526,8.544,8.285,8.3,73117.213
2023-12-31 16:00:00,8.302,8.425,8.282,8.334,38278.027
2023-12-31 17:00:00,8.338,8.47,8.338,8.448,45186.249
2023-12-31 18:00:00,8.449,8.65,8.404,8.634,76720.473
2023-12-31 19:00:00,8.636,8.646,8.41,8.434,33557.632
2023-12-31 20:00:00,8.431,8.477,8.271,8.358,61291.972
2023-12-31 21:00:00,8.372,8.562,8.372,8.517,34158.911
2023-12-31 22:00:00,8.518,8.84,8.346,8.452,100633.736
2023-12-31 23:00:00,8.451,8.55,8.236,8.434,50966.495
2024-01-01 00:00:00,8.425,8.67,8.425,8.633,58270.687
2024-01-01 01:00:00,8.633,8.791,8.561,8.762,51955.695
2024-01-01 02:00:00,8.753,8.774,8.482,8.524,51435.934
2024-01-01 03:00:00,8.528,8.56,8.4,8.423,24105.444
2024-01-01 04:00:00,8.428,8.465,8.282,8.375,40482.968
2024-01-01 05:00:00,8.376,8.431,8.311,8.328,19577.626
2024-01-01 06:00:00,8.329,8.37,8.179,8.277,53739.731
2024-01-01 07:00:00,8.277,8.32,8.203,8.236,15254.198
2024-01-01 08:00:00,8.237,8.332,8.236,8.318,15373.567
2024-01-01 09:00:00,8.324,8.361,8.21,8.249,39686.483
2024-01-01 10:00:00,8.251,8.262,8.2,8.22,16490.513
2024-01-01 11:00:00,8.23,8.421,8.214,8.366,43451.297
2024-01-01 12:00:00,8.371,8.503,8.355,8.422,32887.861
2024-01-01 13:00:00,8.422,8.48,8.328,8.349,48944.626
2024-01-01 14:00:00,8.339,8.378,8.25,8.26,22788.58
2024-01-01 15:00:00,8.272,8.366,8.231,8.276,58387.203
2024-01-01 16:00:00,8.284,8.496,8.189,8.431,60418.189
2024-01-01 17:00:00,8.423,8.7,8.405,8.53,96148.69
2024-01-01 18:00:00,8.529,8.58,8.457,8.515,40827.989
2024-01-01 19:00:00,8.516,8.528,8.496,8.523,4231.082
2024-01-01 20:00:00,8.557,8.597,8.556,8.597,4928.737
